[{"model": "admin.logentry", "pk": 1, "fields": {"action_time": "2023-10-21T11:49:31.863Z", "user": 1, "content_type": 12, "object_id": "1", "object_repr": "Bundles & Kits", "action_flag": 1, "change_message": "[{\"added\": {}}]"}}, {"model": "admin.logentry", "pk": 2, "fields": {"action_time": "2023-10-21T11:50:02.659Z", "user": 1, "content_type": 12, "object_id": "2", "object_repr": "Sunscreens", "action_flag": 1, "change_message": "[{\"added\": {}}]"}}, {"model": "admin.logentry", "pk": 3, "fields": {"action_time": "2023-10-21T11:50:22.450Z", "user": 1, "content_type": 12, "object_id": "3", "object_repr": "Serums", "action_flag": 1, "change_message": "[{\"added\": {}}]"}}, {"model": "admin.logentry", "pk": 4, "fields": {"action_time": "2023-10-21T11:50:56.187Z", "user": 1, "content_type": 12, "object_id": "4", "object_repr": "Mosturisers", "action_flag": 1, "change_message": "[{\"added\": {}}]"}}, {"model": "admin.logentry", "pk": 5, "fields": {"action_time": "2023-10-21T11:54:51.294Z", "user": 1, "content_type": 11, "object_id": "1", "object_repr": "On The Go Kit", "action_flag": 1, "change_message": "[{\"added\": {}}, {\"added\": {\"name\": \"product image\", \"object\": \"ProductImage object (1)\"}}, {\"added\": {\"name\": \"product image\", \"object\": \"ProductImage object (2)\"}}, {\"added\": {\"name\": \"product image\", \"object\": \"ProductImage object (3)\"}}, {\"added\": {\"name\": \"product image\", \"object\": \"ProductImage object (4)\"}}, {\"added\": {\"name\": \"product image\", \"object\": \"ProductImage object (5)\"}}]"}}, {"model": "admin.logentry", "pk": 6, "fields": {"action_time": "2023-10-21T12:17:08.870Z", "user": 1, "content_type": 11, "object_id": "2", "object_repr": "Complete 5 step skincare routine", "action_flag": 1, "change_message": "[{\"added\": {}}, {\"added\": {\"name\": \"product image\", \"object\": \"ProductImage object (6)\"}}, {\"added\": {\"name\": \"product image\", \"object\": \"ProductImage object (7)\"}}]"}}, {"model": "admin.logentry", "pk": 7, "fields": {"action_time": "2023-10-21T12:20:17.745Z", "user": 1, "content_type": 11, "object_id": "1", "object_repr": "On The Go Kit", "action_flag": 2, "change_message": "[{\"changed\": {\"fields\": [\"Image\"]}}]"}}, {"model": "admin.logentry", "pk": 8, "fields": {"action_time": "2023-10-21T12:42:27.931Z", "user": 1, "content_type": 11, "object_id": "2", "object_repr": "Complete 5 step skincare routine", "action_flag": 2, "change_message": "[{\"changed\": {\"fields\": [\"Image\"]}}, {\"changed\": {\"name\": \"product image\", \"object\": \"ProductImage object (6)\", \"fields\": [\"Image\"]}}, {\"changed\": {\"name\": \"product image\", \"object\": \"ProductImage object (7)\", \"fields\": [\"Image\"]}}]"}}, {"model": "admin.logentry", "pk": 9, "fields": {"action_time": "2023-10-21T12:46:44.608Z", "user": 1, "content_type": 11, "object_id": "1", "object_repr": "On The Go Kit", "action_flag": 2, "change_message": "[{\"changed\": {\"fields\": [\"Image\"]}}, {\"changed\": {\"name\": \"product image\", \"object\": \"ProductImage object (1)\", \"fields\": [\"Image\"]}}, {\"changed\": {\"name\": \"product image\", \"object\": \"ProductImage object (2)\", \"fields\": [\"Image\"]}}, {\"changed\": {\"name\": \"product image\", \"object\": \"ProductImage object (3)\", \"fields\": [\"Image\"]}}, {\"changed\": {\"name\": \"product image\", \"object\": \"ProductImage object (4)\", \"fields\": [\"Image\"]}}, {\"changed\": {\"name\": \"product image\", \"object\": \"ProductImage object (5)\", \"fields\": [\"Image\"]}}]"}}, {"model": "admin.logentry", "pk": 10, "fields": {"action_time": "2023-10-21T12:56:50.976Z", "user": 1, "content_type": 11, "object_id": "3", "object_repr": "Aloe Invisible Sunscreen", "action_flag": 1, "change_message": "[{\"added\": {}}, {\"added\": {\"name\": \"product image\", \"object\": \"ProductImage object (8)\"}}, {\"added\": {\"name\": \"product image\", \"object\": \"ProductImage object (9)\"}}]"}}, {"model": "admin.logentry", "pk": 11, "fields": {"action_time": "2023-10-21T14:15:44.830Z", "user": 1, "content_type": 17, "object_id": "1", "object_repr": "HomepageSlider object (1)", "action_flag": 1, "change_message": "[{\"added\": {}}]"}}, {"model": "admin.logentry", "pk": 12, "fields": {"action_time": "2023-10-21T14:16:19.506Z", "user": 1, "content_type": 17, "object_id": "1", "object_repr": "HomepageSlider object (1)", "action_flag": 2, "change_message": "[]"}}, {"model": "admin.logentry", "pk": 13, "fields": {"action_time": "2023-10-21T14:17:08.900Z", "user": 1, "content_type": 17, "object_id": "2", "object_repr": "HomepageSlider object (2)", "action_flag": 1, "change_message": "[{\"added\": {}}]"}}, {"model": "admin.logentry", "pk": 14, "fields": {"action_time": "2023-10-21T14:18:24.083Z", "user": 1, "content_type": 17, "object_id": "3", "object_repr": "HomepageSlider object (3)", "action_flag": 1, "change_message": "[{\"added\": {}}]"}}, {"model": "admin.logentry", "pk": 15, "fields": {"action_time": "2023-10-21T14:19:17.487Z", "user": 1, "content_type": 17, "object_id": "4", "object_repr": "HomepageSlider object (4)", "action_flag": 1, "change_message": "[{\"added\": {}}]"}}, {"model": "admin.logentry", "pk": 16, "fields": {"action_time": "2023-10-21T14:20:21.038Z", "user": 1, "content_type": 17, "object_id": "5", "object_repr": "HomepageSlider object (5)", "action_flag": 1, "change_message": "[{\"added\": {}}]"}}, {"model": "admin.logentry", "pk": 17, "fields": {"action_time": "2023-10-21T14:26:14.051Z", "user": 1, "content_type": 16, "object_id": "1", "object_repr": "FlyoutMenuItem object (1)", "action_flag": 1, "change_message": "[{\"added\": {}}]"}}, {"model": "admin.logentry", "pk": 18, "fields": {"action_time": "2023-10-21T14:26:33.547Z", "user": 1, "content_type": 16, "object_id": "2", "object_repr": "FlyoutMenuItem object (2)", "action_flag": 1, "change_message": "[{\"added\": {}}]"}}, {"model": "admin.logentry", "pk": 19, "fields": {"action_time": "2023-10-21T14:26:47.739Z", "user": 1, "content_type": 16, "object_id": "2", "object_repr": "FlyoutMenuItem object (2)", "action_flag": 2, "change_message": "[]"}}, {"model": "admin.logentry", "pk": 20, "fields": {"action_time": "2023-10-21T14:26:57.999Z", "user": 1, "content_type": 16, "object_id": "3", "object_repr": "FlyoutMenuItem object (3)", "action_flag": 1, "change_message": "[{\"added\": {}}]"}}, {"model": "admin.logentry", "pk": 21, "fields": {"action_time": "2023-10-21T14:27:06.169Z", "user": 1, "content_type": 16, "object_id": "3", "object_repr": "FlyoutMenuItem object (3)", "action_flag": 2, "change_message": "[{\"changed\": {\"fields\": [\"Landing page\"]}}]"}}, {"model": "admin.logentry", "pk": 22, "fields": {"action_time": "2023-10-21T14:27:54.905Z", "user": 1, "content_type": 16, "object_id": "4", "object_repr": "Face Masks", "action_flag": 1, "change_message": "[{\"added\": {}}]"}}, {"model": "admin.logentry", "pk": 23, "fields": {"action_time": "2023-10-21T14:28:27.046Z", "user": 1, "content_type": 16, "object_id": "5", "object_repr": "Skincare Kits", "action_flag": 1, "change_message": "[{\"added\": {}}]"}}, {"model": "admin.logentry", "pk": 24, "fields": {"action_time": "2023-10-21T14:28:49.057Z", "user": 1, "content_type": 16, "object_id": "6", "object_repr": "Skin Toners", "action_flag": 1, "change_message": "[{\"added\": {}}]"}}, {"model": "admin.logentry", "pk": 25, "fields": {"action_time": "2023-10-21T14:29:05.983Z", "user": 1, "content_type": 16, "object_id": "7", "object_repr": "Cleansers", "action_flag": 1, "change_message": "[{\"added\": {}}]"}}, {"model": "admin.logentry", "pk": 26, "fields": {"action_time": "2023-10-21T14:29:27.931Z", "user": 1, "content_type": 16, "object_id": "8", "object_repr": "On-the-Go Kits", "action_flag": 1, "change_message": "[{\"added\": {}}]"}}, {"model": "admin.logentry", "pk": 27, "fields": {"action_time": "2023-10-21T14:29:48.897Z", "user": 1, "content_type": 16, "object_id": "9", "object_repr": "Product Duos", "action_flag": 1, "change_message": "[{\"added\": {}}]"}}, {"model": "admin.logentry", "pk": 28, "fields": {"action_time": "2023-10-21T14:30:09.645Z", "user": 1, "content_type": 16, "object_id": "10", "object_repr": "Gifts", "action_flag": 1, "change_message": "[{\"added\": {}}]"}}, {"model": "admin.logentry", "pk": 29, "fields": {"action_time": "2023-10-21T14:31:17.617Z", "user": 1, "content_type": 19, "object_id": "1", "object_repr": "HomepageProductFloor object (1)", "action_flag": 1, "change_message": "[{\"added\": {}}]"}}, {"model": "admin.logentry", "pk": 30, "fields": {"action_time": "2023-10-21T14:36:21.071Z", "user": 1, "content_type": 19, "object_id": "1", "object_repr": "HomepageProductFloor object (1)", "action_flag": 2, "change_message": "[{\"changed\": {\"fields\": [\"Products on this widget\"]}}]"}}, {"model": "admin.logentry", "pk": 31, "fields": {"action_time": "2023-10-21T14:37:40.340Z", "user": 1, "content_type": 19, "object_id": "1", "object_repr": "HomepageProductFloor object (1)", "action_flag": 2, "change_message": "[{\"changed\": {\"fields\": [\"Products on this widget\"]}}]"}}, {"model": "admin.logentry", "pk": 32, "fields": {"action_time": "2023-10-21T14:54:37.283Z", "user": 1, "content_type": 19, "object_id": "1", "object_repr": "HomepageProductFloor object (1)", "action_flag": 2, "change_message": "[{\"changed\": {\"fields\": [\"Products on this widget\"]}}]"}}, {"model": "admin.logentry", "pk": 33, "fields": {"action_time": "2023-10-21T14:57:01.047Z", "user": 1, "content_type": 18, "object_id": "1", "object_repr": "Black Friday", "action_flag": 1, "change_message": "[{\"added\": {}}]"}}, {"model": "admin.logentry", "pk": 34, "fields": {"action_time": "2023-10-21T14:59:53.685Z", "user": 1, "content_type": 18, "object_id": "1", "object_repr": "Black Friday", "action_flag": 2, "change_message": "[{\"changed\": {\"fields\": [\"Products on the page\"]}}]"}}, {"model": "admin.logentry", "pk": 35, "fields": {"action_time": "2023-10-23T07:59:20.534Z", "user": 1, "content_type": 16, "object_id": "10", "object_repr": "Gifts", "action_flag": 2, "change_message": "[{\"changed\": {\"fields\": [\"URL\"]}}]"}}, {"model": "admin.logentry", "pk": 36, "fields": {"action_time": "2023-10-23T07:59:27.241Z", "user": 1, "content_type": 16, "object_id": "9", "object_repr": "Product Duos", "action_flag": 2, "change_message": "[{\"changed\": {\"fields\": [\"URL\"]}}]"}}, {"model": "admin.logentry", "pk": 37, "fields": {"action_time": "2023-10-23T07:59:32.930Z", "user": 1, "content_type": 16, "object_id": "8", "object_repr": "On-the-Go Kits", "action_flag": 2, "change_message": "[{\"changed\": {\"fields\": [\"URL\"]}}]"}}, {"model": "admin.logentry", "pk": 38, "fields": {"action_time": "2023-10-23T07:59:38.915Z", "user": 1, "content_type": 16, "object_id": "7", "object_repr": "Cleansers", "action_flag": 2, "change_message": "[{\"changed\": {\"fields\": [\"URL\"]}}]"}}, {"model": "admin.logentry", "pk": 39, "fields": {"action_time": "2023-10-23T07:59:45.657Z", "user": 1, "content_type": 16, "object_id": "6", "object_repr": "Skin Toners", "action_flag": 2, "change_message": "[{\"changed\": {\"fields\": [\"URL\"]}}]"}}, {"model": "admin.logentry", "pk": 40, "fields": {"action_time": "2023-10-23T07:59:51.432Z", "user": 1, "content_type": 16, "object_id": "5", "object_repr": "Skincare Kits", "action_flag": 2, "change_message": "[{\"changed\": {\"fields\": [\"URL\"]}}]"}}, {"model": "admin.logentry", "pk": 41, "fields": {"action_time": "2023-10-23T07:59:57.699Z", "user": 1, "content_type": 16, "object_id": "4", "object_repr": "Face Masks", "action_flag": 2, "change_message": "[{\"changed\": {\"fields\": [\"URL\"]}}]"}}, {"model": "admin.logentry", "pk": 42, "fields": {"action_time": "2023-10-23T08:00:02.817Z", "user": 1, "content_type": 16, "object_id": "3", "object_repr": "Mosturisers", "action_flag": 2, "change_message": "[{\"changed\": {\"fields\": [\"URL\"]}}]"}}, {"model": "admin.logentry", "pk": 43, "fields": {"action_time": "2023-10-23T08:00:08.082Z", "user": 1, "content_type": 16, "object_id": "2", "object_repr": "Sunscreens", "action_flag": 2, "change_message": "[{\"changed\": {\"fields\": [\"URL\"]}}]"}}, {"model": "admin.logentry", "pk": 44, "fields": {"action_time": "2023-10-23T08:00:19.009Z", "user": 1, "content_type": 16, "object_id": "1", "object_repr": "Serums", "action_flag": 2, "change_message": "[{\"changed\": {\"fields\": [\"URL\"]}}]"}}, {"model": "admin.logentry", "pk": 45, "fields": {"action_time": "2023-10-23T08:00:33.283Z", "user": 1, "content_type": 17, "object_id": "5", "object_repr": "HomepageSlider object (5)", "action_flag": 2, "change_message": "[{\"changed\": {\"fields\": [\"URL\"]}}]"}}, {"model": "admin.logentry", "pk": 46, "fields": {"action_time": "2023-10-23T08:00:41.522Z", "user": 1, "content_type": 17, "object_id": "4", "object_repr": "HomepageSlider object (4)", "action_flag": 2, "change_message": "[{\"changed\": {\"fields\": [\"URL\"]}}]"}}, {"model": "admin.logentry", "pk": 47, "fields": {"action_time": "2023-10-23T08:00:49.132Z", "user": 1, "content_type": 17, "object_id": "3", "object_repr": "HomepageSlider object (3)", "action_flag": 2, "change_message": "[{\"changed\": {\"fields\": [\"URL\"]}}]"}}, {"model": "admin.logentry", "pk": 48, "fields": {"action_time": "2023-10-23T08:00:55.694Z", "user": 1, "content_type": 17, "object_id": "2", "object_repr": "HomepageSlider object (2)", "action_flag": 2, "change_message": "[{\"changed\": {\"fields\": [\"URL\"]}}]"}}, {"model": "admin.logentry", "pk": 49, "fields": {"action_time": "2023-10-23T08:01:03.349Z", "user": 1, "content_type": 17, "object_id": "1", "object_repr": "HomepageSlider object (1)", "action_flag": 2, "change_message": "[{\"changed\": {\"fields\": [\"URL\"]}}]"}}, {"model": "admin.logentry", "pk": 50, "fields": {"action_time": "2023-10-23T08:06:13.884Z", "user": 1, "content_type": 11, "object_id": "4", "object_repr": "Baobab Glow-C Serum", "action_flag": 1, "change_message": "[{\"added\": {}}, {\"added\": {\"name\": \"product image\", \"object\": \"ProductImage object (10)\"}}, {\"added\": {\"name\": \"product image\", \"object\": \"ProductImage object (11)\"}}, {\"added\": {\"name\": \"product image\", \"object\": \"ProductImage object (12)\"}}]"}}, {"model": "admin.logentry", "pk": 51, "fields": {"action_time": "2023-10-23T08:08:09.101Z", "user": 1, "content_type": 11, "object_id": "5", "object_repr": "Essentials Skincare Kit", "action_flag": 1, "change_message": "[{\"added\": {}}, {\"added\": {\"name\": \"product image\", \"object\": \"ProductImage object (13)\"}}]"}}, {"model": "admin.logentry", "pk": 52, "fields": {"action_time": "2023-10-23T08:10:08.741Z", "user": 1, "content_type": 12, "object_id": "5", "object_repr": "Pimple Patcher", "action_flag": 1, "change_message": "[{\"added\": {}}]"}}, {"model": "admin.logentry", "pk": 53, "fields": {"action_time": "2023-10-23T08:12:24.205Z", "user": 1, "content_type": 11, "object_id": "6", "object_repr": "PIMPLE PATCH | I AM SPOTLESS", "action_flag": 1, "change_message": "[{\"added\": {}}, {\"added\": {\"name\": \"product image\", \"object\": \"ProductImage object (14)\"}}, {\"added\": {\"name\": \"product image\", \"object\": \"ProductImage object (15)\"}}, {\"added\": {\"name\": \"product image\", \"object\": \"ProductImage object (16)\"}}, {\"added\": {\"name\": \"additional information\", \"object\": \"BENEFITS: Shrinks Pimples Faster, Sucks Out Impurities, Prevents Touching & ScarringNaturally,\"}}, {\"added\": {\"name\": \"additional information\", \"object\": \"BEST FOR: Surfaced acne and whiteheads\"}}, {\"added\": {\"name\": \"additional information\", \"object\": \"WHAT IS INCLUDE: 18 transparent patches: (10mm x 9 + 12mm x 9)\"}}]"}}, {"model": "admin.logentry", "pk": 54, "fields": {"action_time": "2023-10-23T08:14:32.728Z", "user": 1, "content_type": 11, "object_id": "7", "object_repr": "Argan Hydrating Moisturiser", "action_flag": 1, "change_message": "[{\"added\": {}}, {\"added\": {\"name\": \"product image\", \"object\": \"ProductImage object (17)\"}}, {\"added\": {\"name\": \"product image\", \"object\": \"ProductImage object (18)\"}}]"}}, {"model": "admin.logentry", "pk": 55, "fields": {"action_time": "2023-10-23T08:16:00.305Z", "user": 1, "content_type": 11, "object_id": "8", "object_repr": "Glow Mama Skincare Kit", "action_flag": 1, "change_message": "[{\"added\": {}}]"}}, {"model": "admin.logentry", "pk": 56, "fields": {"action_time": "2023-10-23T08:17:20.201Z", "user": 1, "content_type": 12, "object_id": "6", "object_repr": "Skin Toners", "action_flag": 1, "change_message": "[{\"added\": {}}]"}}, {"model": "admin.logentry", "pk": 57, "fields": {"action_time": "2023-10-23T08:27:36.930Z", "user": 1, "content_type": 11, "object_id": "9", "object_repr": "Neulii exfoliating toner pads for sensitive skin", "action_flag": 1, "change_message": "[{\"added\": {}}, {\"added\": {\"name\": \"product image\", \"object\": \"ProductImage object (19)\"}}]"}}, {"model": "admin.logentry", "pk": 58, "fields": {"action_time": "2023-10-23T08:29:34.217Z", "user": 1, "content_type": 11, "object_id": "10", "object_repr": "Neulii Cica-Pepta Repair Serum", "action_flag": 1, "change_message": "[{\"added\": {}}, {\"added\": {\"name\": \"product image\", \"object\": \"ProductImage object (20)\"}}, {\"added\": {\"name\": \"product image\", \"object\": \"ProductImage object (21)\"}}, {\"added\": {\"name\": \"product image\", \"object\": \"ProductImage object (22)\"}}]"}}, {"model": "admin.logentry", "pk": 59, "fields": {"action_time": "2023-10-23T08:30:42.387Z", "user": 1, "content_type": 12, "object_id": "7", "object_repr": "Face Masks", "action_flag": 1, "change_message": "[{\"added\": {}}]"}}, {"model": "admin.logentry", "pk": 60, "fields": {"action_time": "2023-10-23T08:32:03.833Z", "user": 1, "content_type": 11, "object_id": "11", "object_repr": "UNCOVER Sheet Mask Multipack Bundle", "action_flag": 1, "change_message": "[{\"added\": {}}, {\"added\": {\"name\": \"product image\", \"object\": \"ProductImage object (23)\"}}, {\"added\": {\"name\": \"product image\", \"object\": \"ProductImage object (24)\"}}]"}}, {"model": "admin.logentry", "pk": 61, "fields": {"action_time": "2023-10-23T08:35:11.405Z", "user": 1, "content_type": 11, "object_id": "12", "object_repr": "I AM BRILLIANT – VITAMIN C BRIGHTENING SHEET MASK", "action_flag": 1, "change_message": "[{\"added\": {}}, {\"added\": {\"name\": \"product image\", \"object\": \"ProductImage object (25)\"}}, {\"added\": {\"name\": \"product image\", \"object\": \"ProductImage object (26)\"}}, {\"added\": {\"name\": \"product image\", \"object\": \"ProductImage object (27)\"}}]"}}, {"model": "admin.logentry", "pk": 62, "fields": {"action_time": "2023-10-23T08:37:24.708Z", "user": 1, "content_type": 11, "object_id": "13", "object_repr": "Rooibos Glow Toner", "action_flag": 1, "change_message": "[{\"added\": {}}, {\"added\": {\"name\": \"product image\", \"object\": \"ProductImage object (28)\"}}, {\"added\": {\"name\": \"product image\", \"object\": \"ProductImage object (29)\"}}]"}}, {"model": "admin.logentry", "pk": 63, "fields": {"action_time": "2023-10-23T08:38:15.723Z", "user": 1, "content_type": 12, "object_id": "8", "object_repr": "Cleansers", "action_flag": 1, "change_message": "[{\"added\": {}}]"}}, {"model": "admin.logentry", "pk": 64, "fields": {"action_time": "2023-10-23T08:39:19.746Z", "user": 1, "content_type": 11, "object_id": "14", "object_repr": "Green Tea Revitalising Cleanser", "action_flag": 1, "change_message": "[{\"added\": {}}, {\"added\": {\"name\": \"product image\", \"object\": \"ProductImage object (30)\"}}, {\"added\": {\"name\": \"product image\", \"object\": \"ProductImage object (31)\"}}]"}}, {"model": "admin.logentry", "pk": 65, "fields": {"action_time": "2023-10-23T08:41:22.844Z", "user": 1, "content_type": 11, "object_id": "15", "object_repr": "I AM BRILLIANT – VITAMIN C SHEET MASK (3 pieces)", "action_flag": 1, "change_message": "[{\"added\": {}}, {\"added\": {\"name\": \"product image\", \"object\": \"ProductImage object (32)\"}}, {\"added\": {\"name\": \"product image\", \"object\": \"ProductImage object (33)\"}}, {\"added\": {\"name\": \"product image\", \"object\": \"ProductImage object (34)\"}}]"}}, {"model": "admin.logentry", "pk": 66, "fields": {"action_time": "2023-10-23T08:43:00.954Z", "user": 1, "content_type": 11, "object_id": "16", "object_repr": "I AM COOL – ALOE VERA CALMING & SOOTHING SHEET MASK", "action_flag": 1, "change_message": "[{\"added\": {}}, {\"added\": {\"name\": \"product image\", \"object\": \"ProductImage object (35)\"}}, {\"added\": {\"name\": \"product image\", \"object\": \"ProductImage object (36)\"}}, {\"added\": {\"name\": \"product image\", \"object\": \"ProductImage object (37)\"}}]"}}, {"model": "admin.logentry", "pk": 67, "fields": {"action_time": "2023-10-23T08:44:53.829Z", "user": 1, "content_type": 11, "object_id": "17", "object_repr": "10 pack Sheet Mask Bundle", "action_flag": 1, "change_message": "[{\"added\": {}}, {\"added\": {\"name\": \"product image\", \"object\": \"ProductImage object (38)\"}}, {\"added\": {\"name\": \"product image\", \"object\": \"ProductImage object (39)\"}}]"}}, {"model": "admin.logentry", "pk": 68, "fields": {"action_time": "2023-10-23T08:46:39.157Z", "user": 1, "content_type": 11, "object_id": "18", "object_repr": "I AM BEAU-TEA-FUL – GREEN TEA DETOXIFYING SHEET MASK", "action_flag": 1, "change_message": "[{\"added\": {}}, {\"added\": {\"name\": \"product image\", \"object\": \"ProductImage object (40)\"}}, {\"added\": {\"name\": \"product image\", \"object\": \"ProductImage object (41)\"}}]"}}, {"model": "admin.logentry", "pk": 69, "fields": {"action_time": "2023-10-23T08:49:57.406Z", "user": 1, "content_type": 11, "object_id": "19", "object_repr": "I AM COOL – ALOE VERA SHEET MASK (3pcs)", "action_flag": 1, "change_message": "[{\"added\": {}}, {\"added\": {\"name\": \"product image\", \"object\": \"ProductImage object (42)\"}}, {\"added\": {\"name\": \"product image\", \"object\": \"ProductImage object (43)\"}}, {\"added\": {\"name\": \"product image\", \"object\": \"ProductImage object (44)\"}}, {\"added\": {\"name\": \"product image\", \"object\": \"ProductImage object (45)\"}}]"}}, {"model": "admin.logentry", "pk": 70, "fields": {"action_time": "2023-10-23T08:51:52.634Z", "user": 1, "content_type": 11, "object_id": "20", "object_repr": "WHAT ELSE YOU NEED TO KNOW Sheet masks are a global phenomenon and a must-have in your beauty regimen. They’re easy to use and the results are immediate: healthy, glowing skin.  TIPS & TRICKS Tip: For", "action_flag": 1, "change_message": "[{\"added\": {}}, {\"added\": {\"name\": \"product image\", \"object\": \"ProductImage object (46)\"}}, {\"added\": {\"name\": \"product image\", \"object\": \"ProductImage object (47)\"}}, {\"added\": {\"name\": \"product image\", \"object\": \"ProductImage object (48)\"}}]"}}, {"model": "admin.logentry", "pk": 71, "fields": {"action_time": "2023-10-23T08:52:36.106Z", "user": 1, "content_type": 11, "object_id": "20", "object_repr": "I AM BEAU-TEA-FUL – GREEN TEA SHEET MASK (3pcs)", "action_flag": 2, "change_message": "[{\"changed\": {\"fields\": [\"Product Name\", \"Slug\"]}}]"}}, {"model": "admin.logentry", "pk": 72, "fields": {"action_time": "2023-10-23T08:53:11.048Z", "user": 1, "content_type": 12, "object_id": "9", "object_repr": "Product Duos", "action_flag": 1, "change_message": "[{\"added\": {}}]"}}, {"model": "admin.logentry", "pk": 73, "fields": {"action_time": "2023-10-23T08:55:43.246Z", "user": 1, "content_type": 11, "object_id": "21", "object_repr": "Glow and Protect Duo", "action_flag": 1, "change_message": "[{\"added\": {}}, {\"added\": {\"name\": \"product image\", \"object\": \"ProductImage object (49)\"}}]"}}, {"model": "admin.logentry", "pk": 74, "fields": {"action_time": "2023-10-23T08:57:50.087Z", "user": 1, "content_type": 11, "object_id": "22", "object_repr": "Hydrate and Protect Duo", "action_flag": 1, "change_message": "[{\"added\": {}}, {\"added\": {\"name\": \"product image\", \"object\": \"ProductImage object (50)\"}}]"}}, {"model": "admin.logentry", "pk": 75, "fields": {"action_time": "2023-10-23T08:58:54.937Z", "user": 1, "content_type": 11, "object_id": "23", "object_repr": "Balance and Glow Duo", "action_flag": 1, "change_message": "[{\"added\": {}}]"}}, {"model": "admin.logentry", "pk": 76, "fields": {"action_time": "2023-10-23T08:59:00.364Z", "user": 1, "content_type": 11, "object_id": "23", "object_repr": "Balance and Glow Duo", "action_flag": 2, "change_message": "[]"}}, {"model": "admin.logentry", "pk": 77, "fields": {"action_time": "2023-10-23T09:00:26.221Z", "user": 1, "content_type": 11, "object_id": "24", "object_repr": "Revitalise and Hydrate Duo", "action_flag": 1, "change_message": "[{\"added\": {}}, {\"added\": {\"name\": \"product image\", \"object\": \"ProductImage object (51)\"}}]"}}, {"model": "admin.logentry", "pk": 78, "fields": {"action_time": "2023-10-23T09:02:07.356Z", "user": 1, "content_type": 11, "object_id": "25", "object_repr": "Revitalise and Balance Duo", "action_flag": 1, "change_message": "[{\"added\": {}}, {\"added\": {\"name\": \"product image\", \"object\": \"ProductImage object (52)\"}}, {\"added\": {\"name\": \"product image\", \"object\": \"ProductImage object (53)\"}}, {\"added\": {\"name\": \"product image\", \"object\": \"ProductImage object (54)\"}}]"}}, {"model": "admin.logentry", "pk": 79, "fields": {"action_time": "2023-10-23T12:02:53.813Z", "user": 1, "content_type": 16, "object_id": "5", "object_repr": "Skincare Kits", "action_flag": 2, "change_message": "[{\"changed\": {\"fields\": [\"URL\"]}}]"}}, {"model": "admin.logentry", "pk": 80, "fields": {"action_time": "2023-10-23T12:03:48.627Z", "user": 1, "content_type": 16, "object_id": "8", "object_repr": "On-the-Go Kits", "action_flag": 2, "change_message": "[{\"changed\": {\"fields\": [\"URL\"]}}]"}}, {"model": "admin.logentry", "pk": 81, "fields": {"action_time": "2023-10-23T12:04:52.601Z", "user": 1, "content_type": 16, "object_id": "10", "object_repr": "Pimple Patcher", "action_flag": 2, "change_message": "[{\"changed\": {\"fields\": [\"URL\", \"URL\"]}}]"}}, {"model": "auth.permission", "pk": 1, "fields": {"name": "Can add log entry", "content_type": 1, "codename": "add_logentry"}}, {"model": "auth.permission", "pk": 2, "fields": {"name": "Can change log entry", "content_type": 1, "codename": "change_logentry"}}, {"model": "auth.permission", "pk": 3, "fields": {"name": "Can delete log entry", "content_type": 1, "codename": "delete_logentry"}}, {"model": "auth.permission", "pk": 4, "fields": {"name": "Can view log entry", "content_type": 1, "codename": "view_logentry"}}, {"model": "auth.permission", "pk": 5, "fields": {"name": "Can add permission", "content_type": 2, "codename": "add_permission"}}, {"model": "auth.permission", "pk": 6, "fields": {"name": "Can change permission", "content_type": 2, "codename": "change_permission"}}, {"model": "auth.permission", "pk": 7, "fields": {"name": "Can delete permission", "content_type": 2, "codename": "delete_permission"}}, {"model": "auth.permission", "pk": 8, "fields": {"name": "Can view permission", "content_type": 2, "codename": "view_permission"}}, {"model": "auth.permission", "pk": 9, "fields": {"name": "Can add group", "content_type": 3, "codename": "add_group"}}, {"model": "auth.permission", "pk": 10, "fields": {"name": "Can change group", "content_type": 3, "codename": "change_group"}}, {"model": "auth.permission", "pk": 11, "fields": {"name": "Can delete group", "content_type": 3, "codename": "delete_group"}}, {"model": "auth.permission", "pk": 12, "fields": {"name": "Can view group", "content_type": 3, "codename": "view_group"}}, {"model": "auth.permission", "pk": 13, "fields": {"name": "Can add content type", "content_type": 4, "codename": "add_contenttype"}}, {"model": "auth.permission", "pk": 14, "fields": {"name": "Can change content type", "content_type": 4, "codename": "change_contenttype"}}, {"model": "auth.permission", "pk": 15, "fields": {"name": "Can delete content type", "content_type": 4, "codename": "delete_contenttype"}}, {"model": "auth.permission", "pk": 16, "fields": {"name": "Can view content type", "content_type": 4, "codename": "view_contenttype"}}, {"model": "auth.permission", "pk": 17, "fields": {"name": "Can add session", "content_type": 5, "codename": "add_session"}}, {"model": "auth.permission", "pk": 18, "fields": {"name": "Can change session", "content_type": 5, "codename": "change_session"}}, {"model": "auth.permission", "pk": 19, "fields": {"name": "Can delete session", "content_type": 5, "codename": "delete_session"}}, {"model": "auth.permission", "pk": 20, "fields": {"name": "Can view session", "content_type": 5, "codename": "view_session"}}, {"model": "auth.permission", "pk": 21, "fields": {"name": "Can add user", "content_type": 6, "codename": "add_user"}}, {"model": "auth.permission", "pk": 22, "fields": {"name": "Can change user", "content_type": 6, "codename": "change_user"}}, {"model": "auth.permission", "pk": 23, "fields": {"name": "Can delete user", "content_type": 6, "codename": "delete_user"}}, {"model": "auth.permission", "pk": 24, "fields": {"name": "Can view user", "content_type": 6, "codename": "view_user"}}, {"model": "auth.permission", "pk": 25, "fields": {"name": "Can add profile", "content_type": 7, "codename": "add_profile"}}, {"model": "auth.permission", "pk": 26, "fields": {"name": "Can change profile", "content_type": 7, "codename": "change_profile"}}, {"model": "auth.permission", "pk": 27, "fields": {"name": "Can delete profile", "content_type": 7, "codename": "delete_profile"}}, {"model": "auth.permission", "pk": 28, "fields": {"name": "Can view profile", "content_type": 7, "codename": "view_profile"}}, {"model": "auth.permission", "pk": 29, "fields": {"name": "Can add ratings", "content_type": 8, "codename": "add_ratings"}}, {"model": "auth.permission", "pk": 30, "fields": {"name": "Can change ratings", "content_type": 8, "codename": "change_ratings"}}, {"model": "auth.permission", "pk": 31, "fields": {"name": "Can delete ratings", "content_type": 8, "codename": "delete_ratings"}}, {"model": "auth.permission", "pk": 32, "fields": {"name": "Can view ratings", "content_type": 8, "codename": "view_ratings"}}, {"model": "auth.permission", "pk": 33, "fields": {"name": "Can add product images", "content_type": 9, "codename": "add_productimages"}}, {"model": "auth.permission", "pk": 34, "fields": {"name": "Can change product images", "content_type": 9, "codename": "change_productimages"}}, {"model": "auth.permission", "pk": 35, "fields": {"name": "Can delete product images", "content_type": 9, "codename": "delete_productimages"}}, {"model": "auth.permission", "pk": 36, "fields": {"name": "Can view product images", "content_type": 9, "codename": "view_productimages"}}, {"model": "auth.permission", "pk": 37, "fields": {"name": "Can add additional information", "content_type": 10, "codename": "add_additionalinformation"}}, {"model": "auth.permission", "pk": 38, "fields": {"name": "Can change additional information", "content_type": 10, "codename": "change_additionalinformation"}}, {"model": "auth.permission", "pk": 39, "fields": {"name": "Can delete additional information", "content_type": 10, "codename": "delete_additionalinformation"}}, {"model": "auth.permission", "pk": 40, "fields": {"name": "Can view additional information", "content_type": 10, "codename": "view_additionalinformation"}}, {"model": "auth.permission", "pk": 41, "fields": {"name": "Can add product", "content_type": 11, "codename": "add_product"}}, {"model": "auth.permission", "pk": 42, "fields": {"name": "Can change product", "content_type": 11, "codename": "change_product"}}, {"model": "auth.permission", "pk": 43, "fields": {"name": "Can delete product", "content_type": 11, "codename": "delete_product"}}, {"model": "auth.permission", "pk": 44, "fields": {"name": "Can view product", "content_type": 11, "codename": "view_product"}}, {"model": "auth.permission", "pk": 45, "fields": {"name": "Can add category", "content_type": 12, "codename": "add_category"}}, {"model": "auth.permission", "pk": 46, "fields": {"name": "Can change category", "content_type": 12, "codename": "change_category"}}, {"model": "auth.permission", "pk": 47, "fields": {"name": "Can delete category", "content_type": 12, "codename": "delete_category"}}, {"model": "auth.permission", "pk": 48, "fields": {"name": "Can view category", "content_type": 12, "codename": "view_category"}}, {"model": "auth.permission", "pk": 49, "fields": {"name": "Can add order item", "content_type": 13, "codename": "add_orderitem"}}, {"model": "auth.permission", "pk": 50, "fields": {"name": "Can change order item", "content_type": 13, "codename": "change_orderitem"}}, {"model": "auth.permission", "pk": 51, "fields": {"name": "Can delete order item", "content_type": 13, "codename": "delete_orderitem"}}, {"model": "auth.permission", "pk": 52, "fields": {"name": "Can view order item", "content_type": 13, "codename": "view_orderitem"}}, {"model": "auth.permission", "pk": 53, "fields": {"name": "Can add shipping address", "content_type": 14, "codename": "add_shippingaddress"}}, {"model": "auth.permission", "pk": 54, "fields": {"name": "Can change shipping address", "content_type": 14, "codename": "change_shippingaddress"}}, {"model": "auth.permission", "pk": 55, "fields": {"name": "Can delete shipping address", "content_type": 14, "codename": "delete_shippingaddress"}}, {"model": "auth.permission", "pk": 56, "fields": {"name": "Can view shipping address", "content_type": 14, "codename": "view_shippingaddress"}}, {"model": "auth.permission", "pk": 57, "fields": {"name": "Can add order", "content_type": 15, "codename": "add_order"}}, {"model": "auth.permission", "pk": 58, "fields": {"name": "Can change order", "content_type": 15, "codename": "change_order"}}, {"model": "auth.permission", "pk": 59, "fields": {"name": "Can delete order", "content_type": 15, "codename": "delete_order"}}, {"model": "auth.permission", "pk": 60, "fields": {"name": "Can view order", "content_type": 15, "codename": "view_order"}}, {"model": "auth.permission", "pk": 61, "fields": {"name": "Can add flyout menu items", "content_type": 16, "codename": "add_flyoutmenuitems"}}, {"model": "auth.permission", "pk": 62, "fields": {"name": "Can change flyout menu items", "content_type": 16, "codename": "change_flyoutmenuitems"}}, {"model": "auth.permission", "pk": 63, "fields": {"name": "Can delete flyout menu items", "content_type": 16, "codename": "delete_flyoutmenuitems"}}, {"model": "auth.permission", "pk": 64, "fields": {"name": "Can view flyout menu items", "content_type": 16, "codename": "view_flyoutmenuitems"}}, {"model": "auth.permission", "pk": 65, "fields": {"name": "Can add homepage slider", "content_type": 17, "codename": "add_homepageslider"}}, {"model": "auth.permission", "pk": 66, "fields": {"name": "Can change homepage slider", "content_type": 17, "codename": "change_homepageslider"}}, {"model": "auth.permission", "pk": 67, "fields": {"name": "Can delete homepage slider", "content_type": 17, "codename": "delete_homepageslider"}}, {"model": "auth.permission", "pk": 68, "fields": {"name": "Can view homepage slider", "content_type": 17, "codename": "view_homepageslider"}}, {"model": "auth.permission", "pk": 69, "fields": {"name": "Can add page", "content_type": 18, "codename": "add_page"}}, {"model": "auth.permission", "pk": 70, "fields": {"name": "Can change page", "content_type": 18, "codename": "change_page"}}, {"model": "auth.permission", "pk": 71, "fields": {"name": "Can delete page", "content_type": 18, "codename": "delete_page"}}, {"model": "auth.permission", "pk": 72, "fields": {"name": "Can view page", "content_type": 18, "codename": "view_page"}}, {"model": "auth.permission", "pk": 73, "fields": {"name": "Can add homepage product floor", "content_type": 19, "codename": "add_homepageproductfloor"}}, {"model": "auth.permission", "pk": 74, "fields": {"name": "Can change homepage product floor", "content_type": 19, "codename": "change_homepageproductfloor"}}, {"model": "auth.permission", "pk": 75, "fields": {"name": "Can delete homepage product floor", "content_type": 19, "codename": "delete_homepageproductfloor"}}, {"model": "auth.permission", "pk": 76, "fields": {"name": "Can view homepage product floor", "content_type": 19, "codename": "view_homepageproductfloor"}}, {"model": "auth.permission", "pk": 77, "fields": {"name": "Can add flyout menu item", "content_type": 16, "codename": "add_flyoutmenuitem"}}, {"model": "auth.permission", "pk": 78, "fields": {"name": "Can change flyout menu item", "content_type": 16, "codename": "change_flyoutmenuitem"}}, {"model": "auth.permission", "pk": 79, "fields": {"name": "Can delete flyout menu item", "content_type": 16, "codename": "delete_flyoutmenuitem"}}, {"model": "auth.permission", "pk": 80, "fields": {"name": "Can view flyout menu item", "content_type": 16, "codename": "view_flyoutmenuitem"}}, {"model": "auth.permission", "pk": 81, "fields": {"name": "Can add product image", "content_type": 9, "codename": "add_productimage"}}, {"model": "auth.permission", "pk": 82, "fields": {"name": "Can change product image", "content_type": 9, "codename": "change_productimage"}}, {"model": "auth.permission", "pk": 83, "fields": {"name": "Can delete product image", "content_type": 9, "codename": "delete_productimage"}}, {"model": "auth.permission", "pk": 84, "fields": {"name": "Can view product image", "content_type": 9, "codename": "view_productimage"}}, {"model": "auth.permission", "pk": 85, "fields": {"name": "Can add rating", "content_type": 8, "codename": "add_rating"}}, {"model": "auth.permission", "pk": 86, "fields": {"name": "Can change rating", "content_type": 8, "codename": "change_rating"}}, {"model": "auth.permission", "pk": 87, "fields": {"name": "Can delete rating", "content_type": 8, "codename": "delete_rating"}}, {"model": "auth.permission", "pk": 88, "fields": {"name": "Can view rating", "content_type": 8, "codename": "view_rating"}}, {"model": "contenttypes.contenttype", "pk": 1, "fields": {"app_label": "admin", "model": "logentry"}}, {"model": "contenttypes.contenttype", "pk": 2, "fields": {"app_label": "auth", "model": "permission"}}, {"model": "contenttypes.contenttype", "pk": 3, "fields": {"app_label": "auth", "model": "group"}}, {"model": "contenttypes.contenttype", "pk": 4, "fields": {"app_label": "contenttypes", "model": "contenttype"}}, {"model": "contenttypes.contenttype", "pk": 5, "fields": {"app_label": "sessions", "model": "session"}}, {"model": "contenttypes.contenttype", "pk": 6, "fields": {"app_label": "accounts", "model": "user"}}, {"model": "contenttypes.contenttype", "pk": 7, "fields": {"app_label": "accounts", "model": "profile"}}, {"model": "contenttypes.contenttype", "pk": 8, "fields": {"app_label": "store", "model": "rating"}}, {"model": "contenttypes.contenttype", "pk": 9, "fields": {"app_label": "store", "model": "productimage"}}, {"model": "contenttypes.contenttype", "pk": 10, "fields": {"app_label": "store", "model": "additionalinformation"}}, {"model": "contenttypes.contenttype", "pk": 11, "fields": {"app_label": "store", "model": "product"}}, {"model": "contenttypes.contenttype", "pk": 12, "fields": {"app_label": "store", "model": "category"}}, {"model": "contenttypes.contenttype", "pk": 13, "fields": {"app_label": "orders", "model": "orderitem"}}, {"model": "contenttypes.contenttype", "pk": 14, "fields": {"app_label": "orders", "model": "shippingaddress"}}, {"model": "contenttypes.contenttype", "pk": 15, "fields": {"app_label": "orders", "model": "order"}}, {"model": "contenttypes.contenttype", "pk": 16, "fields": {"app_label": "content", "model": "flyoutmenuitem"}}, {"model": "contenttypes.contenttype", "pk": 17, "fields": {"app_label": "content", "model": "homepageslider"}}, {"model": "contenttypes.contenttype", "pk": 18, "fields": {"app_label": "content", "model": "page"}}, {"model": "contenttypes.contenttype", "pk": 19, "fields": {"app_label": "content", "model": "homepageproductfloor"}}, {"model": "sessions.session", "pk": "i90oheixd119okqg8q1by1mjjou4pgir", "fields": {"session_data": ".eJxVjMsOwiAURP-FtSEXkHJx6b7fQC4vqRpISrsy_ruSdKGZ3Zwz82KO9q24vafVLZFdmGCn385TeKQ6QLxTvTUeWt3WxfOh8IN2PreYntfD_Tso1Mt3bSzYjJPHIEcIopbB4hmkUQFAQFbGpywMSI8CyIJQMKGNWiNm8uz9Ab99NtU:1quodm:YCX2IRtmVQi8KQRwGTFES6YatPW-faBSBS0S0esfu7E", "expire_date": "2023-11-06T06:42:18.972Z"}}, {"model": "sessions.session", "pk": "yx868xs3jqxr8bhk56tw9vouedk4cnxj", "fields": {"session_data": ".eJxVjMsOwiAURP-FtSEXkHJx6b7fQC4vqRpISrsy_ruSdKGZ3Zwz82KO9q24vafVLZFdmGCn385TeKQ6QLxTvTUeWt3WxfOh8IN2PreYntfD_Tso1Mt3bSzYjJPHIEcIopbB4hmkUQFAQFbGpywMSI8CyIJQMKGNWiNm8uz9Ab99NtU:1qtk7T:j9yiQGjJe4q3dS1QDfE93W5ivGW5SAoY5wtEbG2US-s", "expire_date": "2023-11-03T07:40:31.701Z"}}, {"model": "accounts.user", "pk": 1, "fields": {"password": "pbkdf2_sha256$600000$VSmw9nay4ilszznIR54WZS$rA41/k/MKqlmzTNQ4ZzlCxgSWJWpabjrzhgBz/1ONA4=", "last_login": "2023-10-23T06:42:18.945Z", "is_superuser": true, "id": "4a866bdc-044e-45d5-9f61-843baaa320c6", "username": "simoniel", "first_name": "musyoki", "last_name": "simoniel", "email": "simoniel@uncover.co", "is_staff": true, "is_active": true, "date_joined": "2023-10-20T07:40:05.772Z", "groups": [], "user_permissions": []}}, {"model": "accounts.profile", "pk": 1, "fields": {"id": "05c0e339-f6a5-4387-8287-3beea06e7d00", "created_at": "2023-10-20T07:40:05.928Z", "updated_at": "2023-10-23T06:42:18.960Z", "user": 1, "phone_number": "+254722000000", "about_me": "Say something about yourself", "gender": "other", "country": "KE", "city": "Nairobi", "profile_photo": "profile_default.png", "twitter_handle": null, "follows": []}}, {"model": "store.category", "pk": 1, "fields": {"name": "Bundles & Kits", "parent_category": null, "slug": "bundles-kits", "seo_text": "Uncover Skincare Bundles & Kits", "banner": "", "icon": "", "active": true, "has_children": false}}, {"model": "store.category", "pk": 2, "fields": {"name": "Sunscreens", "parent_category": null, "slug": "sunscreens", "seo_text": "Uncover Skincare Sunscreens", "banner": "", "icon": "", "active": true, "has_children": false}}, {"model": "store.category", "pk": 3, "fields": {"name": "Serums", "parent_category": null, "slug": "serums", "seo_text": "Uncover Skincare Sunscreens", "banner": "", "icon": "", "active": true, "has_children": false}}, {"model": "store.category", "pk": 4, "fields": {"name": "Mosturisers", "parent_category": null, "slug": "mosturisers", "seo_text": "Uncover Skincare Mosturisers", "banner": "", "icon": "", "active": true, "has_children": false}}, {"model": "store.category", "pk": 5, "fields": {"name": "Pimple Patcher", "parent_category": null, "slug": "pimple-patcher", "seo_text": "Uncover Skincare Pimple Patcher", "banner": "", "icon": "", "active": true, "has_children": false}}, {"model": "store.category", "pk": 6, "fields": {"name": "Skin Toners", "parent_category": null, "slug": "skin-toners", "seo_text": "Uncover Skincare Skin Toners", "banner": "", "icon": "", "active": true, "has_children": false}}, {"model": "store.category", "pk": 7, "fields": {"name": "Face Masks", "parent_category": null, "slug": "face-masks", "seo_text": "Uncover Skincare Face Masks", "banner": "", "icon": "", "active": true, "has_children": false}}, {"model": "store.category", "pk": 8, "fields": {"name": "Cleansers", "parent_category": null, "slug": "cleansers", "seo_text": "Uncover Skincare Cleansers", "banner": "", "icon": "", "active": true, "has_children": false}}, {"model": "store.category", "pk": 9, "fields": {"name": "Product Duos", "parent_category": null, "slug": "product-duos", "seo_text": "Uncover Skincare Product Duos", "banner": "", "icon": "", "active": true, "has_children": false}}, {"model": "store.product", "pk": 1, "fields": {"name": "On The Go Kit", "slug": "on-the-go-kit", "category": 1, "short_description": "<p>Glow as you go with the Uncover mini&rsquo;s for nourished skin, anytime, anywhere.</p>\r\n\r\n<p>Vacation, bae-cation, girls night, work trip, a little traffic SPF reapplication, or a post gym cleanse&hellip; we&rsquo;ve got you covered! The On-The-Go Kit is designed to fit effortlessly into the busy lives of the go-getters and glow-getters!</p>\r\n\r\n<p>Convenient and compact with skin loving ingredients, the On-The-Go Kit is packed with three new mini editions of your essentials: Green Tea Revitalising Cleanser, Argan Hydrating Moisturiser, and the Aloe Invisible Sunscreen. Giving you healthier, glowing skin on the go.</p>\r\n\r\n<p><strong>Step 1</strong>: Cleanse &ndash; Mini Green Tea Revitalising Cleanser, 30ml</p>\r\n\r\n<p><strong>Step 2</strong>: Moisturise &ndash; Mini Argan Hydrating Moisturiser, 30ml</p>\r\n\r\n<p><strong>Step 3</strong>: Protect &ndash; Mini Aloe Invisible Sunscreen, 40ml</p>\r\n\r\n<p>These mini&rsquo;s contain the same scientifically proven formula as the larger tubes whilst still harnessing k-beauty skincare technology and African botanicals to meet your skincare needs.</p>\r\n\r\n<p>Ready for your glow on the go?</p>", "image": "products/on-the-go-kit/on-the-go-kit.webp", "original_price": "3550.00", "sale_price": "3020.00", "active": true, "quantity": 100, "max_order_count": null, "long_description": "<p>Glow as you go with the Uncover mini&rsquo;s for nourished skin, anytime, anywhere.</p>\r\n\r\n<p>Vacation, bae-cation, girls night, work trip, a little traffic SPF reapplication, or a post gym cleanse&hellip; we&rsquo;ve got you covered! The On-The-Go Kit is designed to fit effortlessly into the busy lives of the go-getters and glow-getters!</p>\r\n\r\n<p>Convenient and compact with skin loving ingredients, the On-The-Go Kit is packed with three new mini editions of your essentials: Green Tea Revitalising Cleanser, Argan Hydrating Moisturiser, and the Aloe Invisible Sunscreen. Giving you healthier, glowing skin on the go.</p>\r\n\r\n<p><strong>Step 1</strong>: Cleanse &ndash; Mini Green Tea Revitalising Cleanser, 30ml</p>\r\n\r\n<p><strong>Step 2</strong>: Moisturise &ndash; Mini Argan Hydrating Moisturiser, 30ml</p>\r\n\r\n<p><strong>Step 3</strong>: Protect &ndash; Mini Aloe Invisible Sunscreen, 40ml</p>\r\n\r\n<p>These mini&rsquo;s contain the same scientifically proven formula as the larger tubes whilst still harnessing k-beauty skincare technology and African botanicals to meet your skincare needs.</p>\r\n\r\n<p>Ready for your glow on the go?</p>", "average_rating": "4.0", "rating_count": 0, "orders_count": 0}}, {"model": "store.product", "pk": 2, "fields": {"name": "Complete 5 step skincare routine", "slug": "complete-5-step-skincare-routine", "category": 1, "short_description": "<p><strong>Start your journey to healthier, glowing skin with our Complete 5 Step Skincare Routine.&nbsp;</strong></p>\r\n\r\n<p>Carefully curated to give your skin the nourishment it needs in every step:&nbsp;</p>\r\n\r\n<ol>\r\n\t<li>Green Tea Revitalising Cleanser</li>\r\n\t<li>Rooibos Glow Toner</li>\r\n\t<li>Baobab Glow-C Serum&nbsp;</li>\r\n\t<li>Argan Hydrating Moisturiser&nbsp;</li>\r\n\t<li>Aloe Invisible Sunscreen</li>\r\n</ol>", "image": "products/complete-5-step-skincare-routine/complete-5-step-skincare-routine.png", "original_price": "12498.00", "sale_price": "11248.00", "active": true, "quantity": 100, "max_order_count": null, "long_description": "<p><strong>Start your journey to healthier, glowing skin with our Complete 5 Step Skincare Routine.&nbsp;</strong></p>\r\n\r\n<p>Carefully curated to give your skin the nourishment it needs in every step:&nbsp;</p>\r\n\r\n<ol>\r\n\t<li>Green Tea Revitalising Cleanser</li>\r\n\t<li>Rooibos Glow Toner</li>\r\n\t<li>Baobab Glow-C Serum&nbsp;</li>\r\n\t<li>Argan Hydrating Moisturiser&nbsp;</li>\r\n\t<li>Aloe Invisible Sunscreen</li>\r\n</ol>", "average_rating": "4.5", "rating_count": 0, "orders_count": 0}}, {"model": "store.product", "pk": 3, "fields": {"name": "Aloe Invisible Sunscreen", "slug": "aloe-invisible-sunscreen", "category": 2, "short_description": "<p>No white cast, lightweight SPF 50+ sunscreen infused with Hyaluronic Acid and African Aloe Vera, perfect for daily use.</p>", "image": "products/aloe-invisible-sunscreen/aloe-invisible-sunscreen.png", "original_price": "2999.00", "sale_price": "2999.00", "active": true, "quantity": 100, "max_order_count": null, "long_description": "<p>No white cast, lightweight SPF 50+ sunscreen infused with Hyaluronic Acid and African Aloe Vera, perfect for daily use.</p>", "average_rating": "5.0", "rating_count": 0, "orders_count": 0}}, {"model": "store.product", "pk": 4, "fields": {"name": "Baobab Glow-C Serum", "slug": "baobab-glow-c-serum", "category": 3, "short_description": "<p>Infused with super ingredients to give you &lsquo;The Glow-C Effect&rsquo;. Powered by 8% Vitamin C, 2% Arbutin and African Baobab to visibly brighten and even the skin tone. Leaves skin feeling healthy, protected and nourished.</p>", "image": "products/baobab-glow-c-serum/baobab-glow-c-serum.png", "original_price": "3500.00", "sale_price": "3500.00", "active": true, "quantity": 100, "max_order_count": null, "long_description": "<p><strong>Experience the Glow-C Effect!</strong></p>\r\n\r\n<p>This nourishing Baobab Glow-C serum is powered by 8% Vitamin C, 2% Arbutin and African Baobab. Intentionally packaged in an airless pump to protect the Serum from breaking down due to heat and light exposure, keeping it as stable as possible to give you the best results.</p>\r\n\r\n<p>We have been carefully crafting this Vitamin C serum for 2 years, studying the science of glow with our team of formulation scientists in the worlds best labs to bring you the best quality products backed by industry experts.&nbsp;Harnessing advanced, innovative K-Beauty technology with African Botanicals.</p>\r\n\r\n<p>We worked closely with women across Kenya to co-create this product, from receiving valuable packaging feedback to testing the Baobab Glow-C Serum formula and adapting it accordingly to make sure we meet the skincare needs of our community across Africa.</p>\r\n\r\n<p><strong>Ingredient Benefits</strong></p>\r\n\r\n<p>The Baobab Glow-C Serum visibly brightens skin and evens the skin tone, leaving skin feeling healthy, protected and nourished.</p>\r\n\r\n<ul>\r\n\t<li><strong>Vitamin C:&nbsp;</strong>&nbsp;Reduces hyperpigmentation, hydrates and brightens skin. Filled with antioxidants to fight free radicals protecting skin from environmental damage. Super &ldquo;C&rdquo; also prevents collagen breakdown to keep skin firm.</li>\r\n\t<li><strong>Arbutin:</strong>&nbsp;Works hard to brighten any discoloration of the skin as well as even out your skin tone and improve the appearance of acne scars.</li>\r\n\t<li><strong>African Baobab:</strong>&nbsp;Filled with antioxidants to rejuvenate and even out your skin tone. Baobab soothes skin to reduce redness and irritation.</li>\r\n</ul>\r\n\r\n<p><strong>Who Can Use It</strong></p>\r\n\r\n<p>This product can be used on all skin types, addressing the specific skincare concerns for those that experience discolouration and/or dull and uneven skin.</p>\r\n\r\n<p><strong>Directions</strong></p>\r\n\r\n<ul>\r\n\t<li>Apply 2-3 drops on cleansed and dry skin. Gently pat it onto your skin in the AM or PM, or both.</li>\r\n\t<li>&nbsp;Incorporate the serum into your routine after you cleanser and/or tone and before you moisturise. Follow up with SPF 30+ if used during the day.</li>\r\n</ul>", "average_rating": "4.0", "rating_count": 0, "orders_count": 0}}, {"model": "store.product", "pk": 5, "fields": {"name": "Essentials Skincare Kit", "slug": "essentials-skincare-kit", "category": 1, "short_description": "<p><strong>Skincare starts here!</strong></p>\r\n\r\n<p>These are the 3 basic steps needed to start with when building your daily skincare routine.&nbsp;</p>\r\n\r\n<ul>\r\n\t<li>Step 1: Cleanse &ndash; Green Tea Revitalising Cleanser</li>\r\n\t<li>Step 2: Moisturise &ndash; Argan Hydrating Moisturiser</li>\r\n\t<li>Step 3: Protect &ndash;&nbsp;Aloe Invisible Sunscreen</li>\r\n</ul>", "image": "products/essentials-skincare-kit/essentials-skincare-kit.png", "original_price": "6848.00", "sale_price": "5800.00", "active": true, "quantity": 100, "max_order_count": null, "long_description": "<p>Skincare can be overwhelming and hard to know where to begin. Cleansing, moisturising, and SPF&nbsp; form the basis of any routine and this kit is your starting point!</p>\r\n\r\n<p>Uncover healthier, glowing skin in just 3 simple steps:</p>\r\n\r\n<p><strong>Step 1:Cleanse &ndash; Green Tea Revitalising Cleanser&nbsp;</strong></p>\r\n\r\n<p>Deeply cleanses the skin and unclogs pores removing any additional impurities and excess oil without stripping moisture. Powered by soothing and antioxidant properties, this cleanser minimises the appearance of pores and reduces inflammation for a clearer complexion.</p>\r\n\r\n<p><strong>Directions:&nbsp;</strong></p>\r\n\r\n<p>Use an adequate amount on dampened skin either AM, PM or both then rinse thoroughly with lukewarm water.</p>\r\n\r\n<p><strong>Step 2 :Moisturise- Argan Hydrating Moisturiser</strong></p>\r\n\r\n<p>Lightweight, non-pore clogging and, hydrating moisturiser. Powered by active ingredients, brightening properties and antioxidant benefits to protect the skin barrier while brightening and nourishing dull skin.</p>\r\n\r\n<p><strong>Directions:</strong>&nbsp;</p>\r\n\r\n<p>Use generously twice daily after cleansing. Follow with Uncover&rsquo;s SPF 50+ Aloe Invisible Sunscreen in the AM for best results.</p>\r\n\r\n<p><strong>Step 3: Protect &ndash; Aloe Invisible Sunscreen</strong></p>\r\n\r\n<p>SPF 50+ sunscreen infused with Hyaluronic Acid and African Aloe Vera Benefits: Protects skin from harmful UVA &amp; UVB rays, prevents sun damage, premature skin ageing and dark spots, while keeping skin hydrated, moisturised, and cool. No white cast and lightweight perfect for daily use.</p>\r\n\r\n<p><strong>Directions:&nbsp;</strong></p>\r\n\r\n<p>Apply generously all over your face and neck 15 minutes before sun exposure. Reapply every 2 hours.</p>", "average_rating": "0.0", "rating_count": 0, "orders_count": 0}}, {"model": "store.product", "pk": 6, "fields": {"name": "PIMPLE PATCH | I AM SPOTLESS", "slug": "pimple-patch-i-am-spotless", "category": 5, "short_description": "<p>Don&rsquo;t let breakouts wear you down. We are here to help you beat those pimples!</p>", "image": "products/pimple-patch-i-am-spotless/pimple-patch-i-am-spotless.png", "original_price": "999.00", "sale_price": "999.00", "active": true, "quantity": 100, "max_order_count": null, "long_description": "<p>Don&rsquo;t let breakouts wear you down. We are here to help you beat those pimples!</p>", "average_rating": "0.0", "rating_count": 0, "orders_count": 0}}, {"model": "store.product", "pk": 7, "fields": {"name": "Argan Hydrating Moisturiser", "slug": "argan-hydrating-moisturiser", "category": 4, "short_description": "<p><strong>Intense Hydration Boost</strong></p>\r\n\r\n<p>Powered by 3% Squalane, 2% Niacinamide, 1% African Argan Oil, Hyaluronic Acid and Moringa Extract to nourish, revive, and deeply moisturise and hydrate your skin without clogging pores.</p>", "image": "products/argan-hydrating-moisturiser/argan-hydrating-moisturiser.png", "original_price": "1999.00", "sale_price": "1999.00", "active": true, "quantity": 100, "max_order_count": null, "long_description": "<p><strong>The ultimate moisturiser with a boost of hydration</strong></p>\r\n\r\n<p>This lightweight and deeply hydrating moisturiser is infused with 3% Squalane, 2% Niacinamide, 1% African Argan Oil, Hyaluronic Acid and Moringa Extract to nourish and revive your skin. Powered by active ingredients, brightening properties and antioxidant benefits to protect the skin barrier, remove impurities and brighten dull skin. The unique formula deeply moisturises skin without clogging pores.&nbsp;</p>\r\n\r\n<p>We have been carefully crafting this moisturiser for 2 years, studying the science of healthy skin with our team of formulation scientists in the world&rsquo;s best labs to bring you the best quality products backed by industry experts. Harnessing advanced, innovative K-Beauty technology with African Botanicals.</p>\r\n\r\n<p>We worked closely with women across Kenya to co-create this product, from receiving valuable packaging feedback to testing the Argan Hydrating Moisturiser and adapting it accordingly to make sure we meet the skincare needs of our community across Africa.&nbsp;</p>", "average_rating": "0.0", "rating_count": 0, "orders_count": 0}}, {"model": "store.product", "pk": 8, "fields": {"name": "Glow Mama Skincare Kit", "slug": "glow-mama-skincare-kit", "category": 1, "short_description": "<p>Treat mum to a glow she deserves with our specially curated Glow Mama Skincare Kit.</p>\r\n\r\n<ul>\r\n\t<li>&lsquo;I Am Beau-tea-ful&rsquo; Green Tea sheet mask&nbsp;</li>\r\n\t<li>&lsquo;I Am Brilliant&rsquo; Vitamin C sheet mask&nbsp;</li>\r\n\t<li>&lsquo;I Am Cool&rsquo; Aloe vera&nbsp;</li>\r\n\t<li>Baobab Glow-C Serum</li>\r\n\t<li>Aloe Invisible Sunscreen</li>\r\n</ul>", "image": "products/glow-mama-skincare-kit/glow-mama-skincare-kit.png", "original_price": "7549.00", "sale_price": "6643.00", "active": true, "quantity": 100, "max_order_count": null, "long_description": "<p>For all the love and care mums show, treat them to an Uncover Skincare glow.&nbsp;</p>\r\n\r\n<p>Our Glow&nbsp;<strong>Mama Skincare Kit</strong>&nbsp;is powered with African botanicals to keep mum&rsquo;s skin healthy and glowing:&nbsp;</p>\r\n\r\n<ul>\r\n\t<li>&lsquo;I Am Cool&rsquo; &ndash; Infused with anti-inflammatory Aloe vera to cool and soothe the skin.</li>\r\n\t<li>&lsquo;I Am Brilliant&rsquo; &ndash; Infused with brightening Vitamin C to reduce dark marks, hyperpigmentation and brighten skin.</li>\r\n\t<li>&lsquo;I Am Beau-tea-ful&rsquo; &ndash; Infused with antioxidant Green Tea to minimize the appearance of pores, reduce inflammation, and protect the skin barrier.</li>\r\n\t<li>Baobab Glow-C Serum &ndash; Infused with super ingredients to give mum &lsquo;The Glow-C Effect&rsquo;. Powered by 8% Vitamin C, 2% Arbutin and African Baobab to visibly brighten and even the skin tone. Leaves skin feeling healthy, protected, and nourished.</li>\r\n\t<li>Aloe Invisible Sunscreen-&nbsp;SPF 50+ infused with Hyaluronic Acid and African Aloe Vera. Protects skin from harmful UVA &amp; UVB rays, prevents sun damage, premature skin ageing and dark spots, while keeping skin hydrated, moisturised, and cool. No white cast and lightweight perfect for daily use.</li>\r\n</ul>", "average_rating": "0.0", "rating_count": 0, "orders_count": 0}}, {"model": "store.product", "pk": 9, "fields": {"name": "Neulii exfoliating toner pads for sensitive skin", "slug": "neulii-exfoliating-toner-pads-for-sensitive-skin", "category": 6, "short_description": "<p>The perfect balance of chemical and physical exfoliation</p>\r\n\r\n<p>Neulii exfoliating toner pads for sensitive skin are infused with Beta Hydroxy Acids and Poly Hydroxy Acids which work together to gently exfoliate the skin removing dead skin cells and unclog pores over time revealing a fresh layer of skin.</p>\r\n\r\n<p><strong>Made in Korea</strong></p>", "image": "products/neulii-exfoliating-toner-pads-for-sensitive-skin/neulii-exfoliating-toner-pads-_f2pKbrw.png", "original_price": "2500.00", "sale_price": "2500.00", "active": true, "quantity": 100, "max_order_count": null, "long_description": "<p>Chemical exfoliation coupled with gentle physical exfoliation to gently get rid of dead skin cells and rough skin without stripping away moisture. The peeling pads are soaked in Beta Hydroxy Acids (BHA&rsquo;s) which remove oil, dirt, debris, great for eliminating black/ whiteheads with their anti-inflammatory and anti-microbial properties and Poly Hydroxy Acids (PHA&rsquo;s) which gently remove dead surface cells, hydrate and smoothen skin, PHA&rsquo;s also work best with sensitive skin. These Neulii peeling pads are both chemical and gentle physical exfoliators.</p>\r\n\r\n<p>Use in the AM to help makeup glide onto face and in the PM for deeply cleansing skin and pores.</p>", "average_rating": "0.0", "rating_count": 0, "orders_count": 0}}, {"model": "store.product", "pk": 10, "fields": {"name": "Neulii Cica-Pepta Repair Serum", "slug": "neulii-cica-pepta-repair-serum", "category": 3, "short_description": "<p>Repair serum infused with Centella asiatica and peptides</p>\r\n\r\n<p>Neulii Cica-Pepta Repair Serum, protects the skin barrier, heals the skin and promotes firmer, healthier skin.</p>", "image": "products/neulii-cica-pepta-repair-serum/neulii-cica-pepta-repair-serum.png", "original_price": "1950.00", "sale_price": "1950.00", "active": true, "quantity": 100, "max_order_count": null, "long_description": "<p>A damaged skin barrier causes dryness, sensitivity and accelerated ageing, Cicapepta repair serum nourishes and revitalises the skin barrier to combat sensitivity, dryness and damage using key ingredients &ldquo;Cica&rdquo; (Centella Asiatica, an age-old Korean skincare ingredient) which helps calm and soothe the skin with its antibacterial and inflammatory properties restoring damaged skin caused from the external environment and &ldquo;peptides&rdquo; that accelerate skin healing, increase skin renewal, slow down ageing, reduce wrinkles, boost collagen and elastin synthesis and promote skin rejuvenation. Great for sensitive skin.</p>\r\n\r\n<p>&nbsp;</p>\r\n\r\n<p>For best results, apply a moderate amount onto clean and toned skin and gently pat to allow for absorption.</p>", "average_rating": "0.0", "rating_count": 0, "orders_count": 0}}, {"model": "store.product", "pk": 11, "fields": {"name": "UNCOVER Sheet Mask Multipack Bundle", "slug": "uncover-sheet-mask-multipack-bundle", "category": 7, "short_description": "<p>3 Face Masks:</p>\r\n\r\n<p>1 Aloe Vera Mask,</p>\r\n\r\n<p>1 Green Tea Mask,</p>\r\n\r\n<p>1 Vitamin C Mask,</p>\r\n\r\n<p>Each Mask has 25g of nourishing serum.</p>\r\n\r\n<p>Get healthy, glowing skin.</p>", "image": "products/uncover-sheet-mask-multipack-bundle/uncover-sheet-mask-multipack-bundle.png", "original_price": "1050.00", "sale_price": "945.00", "active": true, "quantity": 100, "max_order_count": null, "long_description": "<h4>WHAT ELSE YOU NEED TO KNOW</h4>\r\n\r\n<p>Sheet masks are a global phenomenon and a must-have in your beauty regimen. They&rsquo;re easy to use and the results are immediate: healthy, glowing skin.</p>\r\n\r\n<h4>TIPS &amp; TRICKS</h4>\r\n\r\n<p><strong>Tip:</strong>&nbsp;For a long-lasting glow, use an I am Brilliant Vitamin C mask for consecutive days and say buh-bye to make-up.<br />\r\n<strong>Tip:</strong>&nbsp;For best results, use after cleansing &amp; toning skin.<br />\r\n<strong>Trick:</strong>&nbsp;Rub the excess serum on neck, arms, and hands for soft skin</p>", "average_rating": "0.0", "rating_count": 0, "orders_count": 0}}, {"model": "store.product", "pk": 12, "fields": {"name": "I AM BRILLIANT – VITAMIN C BRIGHTENING SHEET MASK", "slug": "i-am-brilliant-vitamin-c-brightening-sheet-mask", "category": 7, "short_description": "<p>With an instant dose of Vitamin C, this sheet mask brightens dull and uneven toned skin in just 20 minutes for healthy, glowing skin.</p>", "image": "products/i-am-brilliant-vitamin-c-brightening-sheet-mask/i-am-brilliant-vitamin-c-bright_PaMZrQo.png", "original_price": "350.00", "sale_price": "350.00", "active": true, "quantity": 100, "max_order_count": null, "long_description": "<h4>WHAT ELSE YOU NEED TO KNOW</h4>\r\n\r\n<p>Sheet masks are a global phenomenon and a must-have in your beauty regimen. They&rsquo;re easy to use and the results are immediate: healthy, glowing skin.</p>\r\n\r\n<h4>TIPS &amp; TRICKS</h4>\r\n\r\n<p><strong>Tip:</strong>&nbsp;For a long-lasting glow, use an I am Brilliant Vitamin C mask for consecutive days and say buh-bye to make-up.<br />\r\n<strong>Tip:</strong>&nbsp;For best results, use after cleansing &amp; toning skin.<br />\r\n<strong>Trick:</strong>&nbsp;Rub the excess serum on neck, arms, and hands for soft skin</p>", "average_rating": "0.0", "rating_count": 0, "orders_count": 0}}, {"model": "store.product", "pk": 13, "fields": {"name": "Rooibos Glow Toner", "slug": "rooibos-glow-toner", "category": 6, "short_description": "<p><strong>Rebalancing, gentle exfoliating toner&nbsp;</strong></p>\r\n\r\n<p>This daily toner is infused with 1% PHA, Hyaluronic Acid, Kombucha and African Rooibos Leaf Extract to protect the skin barrier by balancing skin pH.</p>", "image": "products/rooibos-glow-toner/rooibos-glow-toner.png", "original_price": "2150.00", "sale_price": "2150.00", "active": true, "quantity": 100, "max_order_count": null, "long_description": "<p><strong>Purified, balanced skin</strong>&nbsp;</p>\r\n\r\n<p>This daily toner is infused with 1% PHA, Hyaluronic Acid, Kombucha and African Rooibos Leaf Extract to protect the skin barrier by balancing skin pH. Formulated to visibly even skin texture and gently exfoliate to boost skin cell regeneration. Powered by anti-inflammatory and antioxidant properties, this toner removes additional impurities while hydrating and restoring the skin.</p>\r\n\r\n<p>We have been carefully crafting this toner for 2 years, studying the science of healthy skin with our team of formulation scientists in the world&rsquo;s best labs to bring you the best quality products backed by industry experts. Harnessing advanced, innovative K-Beauty technology with African Botanicals.</p>\r\n\r\n<p>We worked closely with women across Kenya to co-create this product, from receiving valuable packaging feedback to testing the Rooibos Glow Toner and adapting it accordingly to make sure we meet the skincare needs of our community across Africa.&nbsp;</p>", "average_rating": "0.0", "rating_count": 0, "orders_count": 0}}, {"model": "store.product", "pk": 14, "fields": {"name": "Green Tea Revitalising Cleanser", "slug": "green-tea-revitalising-cleanser", "category": 8, "short_description": "<p><strong>Detoxifying, soothing cleanser</strong>&nbsp;</p>\r\n\r\n<p>This daily foam cleanser is infused with 0.5% Salicylic Acid, Green Tea and African Rice Extract to deeply cleanse the skin, removing impurities and excess oil without stripping the skin&rsquo;s moisture.</p>", "image": "products/green-tea-revitalising-cleanser/green-tea-revitalising-cleanser.png", "original_price": "1850.00", "sale_price": "1850.00", "active": true, "quantity": 100, "max_order_count": null, "long_description": "<p><strong>Refreshed skin with a healthy glow&nbsp;</strong></p>\r\n\r\n<p>This daily foam cleanser is infused with 0.5% Salicylic Acid, Green Tea and African Rice Extract to deeply cleanse the skin, removing impurities and excess oil without stripping the skin&rsquo;s moisture. Powered by soothing and antioxidant properties, this cleanser minimizes the appearance of pores and reduces inflammation for a clearer complexion.&nbsp;&nbsp;</p>\r\n\r\n<p>We have been carefully crafting this cleanser for 2 years, studying the science of healthy skin with our team of formulation scientists in the world&rsquo;s best labs to bring you the best quality products backed by industry experts. Harnessing advanced, innovative K-Beauty technology with African Botanicals.</p>\r\n\r\n<p>We worked closely with women across Kenya to co-create this product, from receiving valuable packaging feedback to testing the Green Tea Revitalising Cleanser and adapting it accordingly to make sure we meet the skincare needs of our community across Africa.&nbsp;</p>", "average_rating": "0.0", "rating_count": 0, "orders_count": 0}}, {"model": "store.product", "pk": 15, "fields": {"name": "I AM BRILLIANT – VITAMIN C SHEET MASK (3 pieces)", "slug": "i-am-brilliant-vitamin-c-sheet-mask-3-pieces", "category": 7, "short_description": "<p>With an instant dose of Vitamin C, this sheet mask brightens dull and uneven toned skin in just 20 minutes for healthy, glowing skin. Three pieces in the package</p>", "image": "products/i-am-brilliant-vitamin-c-sheet-mask-3-pieces/i-am-brilliant-vitamin-c-sheet-mas_4w2YQb7.png", "original_price": "1050.00", "sale_price": "945.00", "active": true, "quantity": 100, "max_order_count": null, "long_description": "<h4>WHAT ELSE YOU NEED TO KNOW</h4>\r\n\r\n<p>Sheet masks are a global phenomenon and a must-have in your beauty regimen. They&rsquo;re easy to use and the results are immediate: healthy, glowing skin.</p>\r\n\r\n<h4>TIPS &amp; TRICKS</h4>\r\n\r\n<p><strong>Tip:</strong>&nbsp;For a long-lasting glow, use an I am Brilliant Vitamin C mask for consecutive days and say buh-bye to make-up.<br />\r\n<strong>Tip:</strong>&nbsp;For best results, use after cleansing &amp; toning skin.<br />\r\n<strong>Trick:</strong>&nbsp;Rub the excess serum on neck, arms, and hands for soft skin</p>", "average_rating": "0.0", "rating_count": 0, "orders_count": 0}}, {"model": "store.product", "pk": 16, "fields": {"name": "I AM COOL – ALOE VERA CALMING & SOOTHING SHEET MASK", "slug": "i-am-cool-aloe-vera-calming-soothing-sheet-mask", "category": 7, "short_description": "<p>Soothe and hydrate tired, stressed skin in just 20 minutes with Aloe Vera extract for healthy, glowing skin.</p>", "image": "products/i-am-cool-aloe-vera-calming-soothing-sheet-mask/i-am-cool-aloe-vera-calming-soo_kgfXl2a.png", "original_price": "350.00", "sale_price": "350.00", "active": true, "quantity": 100, "max_order_count": null, "long_description": "<h4>WHAT ELSE YOU NEED TO KNOW</h4>\r\n\r\n<p>Sheet masks are a global phenomenon and a must-have in your beauty regimen. They&rsquo;re easy to use and the results are immediate: healthy, glowing skin.</p>\r\n\r\n<h4>TIPS &amp; TRICKS</h4>\r\n\r\n<p><strong>Tip:</strong>&nbsp;For a long-lasting glow, use an I am cool aloe vera sheet mask for consecutive days and say buh-bye to make-up.<br />\r\n<strong>Tip:</strong>&nbsp;For best results, use after cleansing &amp; toning skin.<br />\r\n<strong>Trick:</strong>&nbsp;Rub the excess serum on neck, arms, and hands for soft skin</p>", "average_rating": "0.0", "rating_count": 0, "orders_count": 0}}, {"model": "store.product", "pk": 17, "fields": {"name": "10 pack Sheet Mask Bundle", "slug": "10-pack-sheet-mask-bundle", "category": 7, "short_description": "<p><strong>Bundle of selfcare</strong>.</p>\r\n\r\n<p>This 10 pack sheet mask bundle makes the perfect pamper session for yourself or for that special someone.&nbsp;</p>\r\n\r\n<p>PS: Using sheet masks 2-3 times a week is sure to result in a long lasting glow and hydration. In Ancient Korea, women sheet-mask regularly for exactly this reason.&nbsp;</p>\r\n\r\n<p>Buy one-month&rsquo;s worth of supply&nbsp; &ndash; 10 masks &ndash; but pay for 9 (1 free mask &ndash; yay!).&nbsp;Starting mask amounts:&nbsp; 3 Green Tea, 3 Aloe Vera, 3 Vitamin C and one extra free sheet mask!</p>", "image": "products/10-pack-sheet-mask-bundle/10-pack-sheet-mask-bundle.png", "original_price": "3500.00", "sale_price": "3150.00", "active": true, "quantity": 100, "max_order_count": null, "long_description": "<p><strong>Bundle of selfcare</strong>.</p>\r\n\r\n<p>This 10 pack sheet mask bundle makes the perfect pamper session for yourself or for that special someone.&nbsp;</p>\r\n\r\n<p>PS: Using sheet masks 2-3 times a week is sure to result in a long lasting glow and hydration. In Ancient Korea, women sheet-mask regularly for exactly this reason.&nbsp;</p>\r\n\r\n<p>Buy one-month&rsquo;s worth of supply&nbsp; &ndash; 10 masks &ndash; but pay for 9 (1 free mask &ndash; yay!).&nbsp;Starting mask amounts:&nbsp; 3 Green Tea, 3 Aloe Vera, 3 Vitamin C and one extra free sheet mask!</p>\r\n\r\n<p><strong>Details</strong></p>\r\n\r\n<ul>\r\n\t<li>Uncover Sheet masks&nbsp; are available in 3 variants including vitamin C infused &ldquo;I Am Brilliant&rdquo;; calming aloe vera in &ldquo;I Am Cool&rdquo; and antioxidant packed green tea in the &ldquo;I Am Beau-tea-ful&rdquo; sheet mask.&nbsp; A sheet mask essentially gives a more concentrated dose of serum to your skin since the cotton fabric prevents loss of serum into the air &amp; ultimately, gives you an instant glow in just 20 minutes (with the added benefit of multi-masking &ndash; sheet mask anywhere, anytime!) .&nbsp;</li>\r\n</ul>\r\n\r\n<p><strong>In this 10 pack bundle you get to experience the goodness of each sheet mask:</strong></p>\r\n\r\n<ul>\r\n\t<li>&ldquo;I Am Brilliant&rdquo;&ndash; skin prone to hyperpigmentation, marks, needs some brightening &amp; a GLOW on the go.&nbsp;</li>\r\n\t<li>&ldquo;I Am Cool&rdquo;&nbsp;&ndash; skin prone to inflammation, heat rashes, redness, irritation, great for sun burnt skin, sensitive skin &amp; a GLOW on the go.</li>\r\n\t<li>&ldquo;I Am Beau-tea-ful&rdquo;&nbsp;&ndash; Skin with large pores, prone to acne, skin with fine wrinkles, prone irritation &amp; a GLOW on the go.&nbsp;</li>\r\n</ul>", "average_rating": "0.0", "rating_count": 0, "orders_count": 0}}, {"model": "store.product", "pk": 18, "fields": {"name": "I AM BEAU-TEA-FUL – GREEN TEA DETOXIFYING SHEET MASK", "slug": "i-am-beau-tea-ful-green-tea-detoxifying-sheet-mask", "category": 7, "short_description": "<p>Clarify and minimize the appearance of pores in 20 minutes with the antioxidant powers of Green Tea for healthy, glowing skin.</p>", "image": "products/i-am-beau-tea-ful-green-tea-detoxifying-sheet-mask/i-am-beau-tea-ful-green-tea-_mI2JQzO.png", "original_price": "350.00", "sale_price": "350.00", "active": true, "quantity": 100, "max_order_count": null, "long_description": "<h4>WHAT ELSE YOU NEED TO KNOW</h4>\r\n\r\n<p>Sheet masks are a global phenomenon and a must-have in your beauty regimen. They&rsquo;re easy to use and the results are immediate: healthy, glowing skin.</p>\r\n\r\n<h4>TIPS &amp; TRICKS</h4>\r\n\r\n<p><strong>Tip:</strong>&nbsp;For a long-lasting glow, use an I am Brilliant Vitamin C mask for consecutive days and say buh-bye to make-up.<br />\r\n<strong>Tip:</strong>&nbsp;For best results, use after cleansing &amp; toning skin.<br />\r\n<strong>Trick:</strong>&nbsp;Rub the excess serum on neck, arms, and hands for soft skin</p>", "average_rating": "0.0", "rating_count": 0, "orders_count": 0}}, {"model": "store.product", "pk": 19, "fields": {"name": "I AM COOL – ALOE VERA SHEET MASK (3pcs)", "slug": "i-am-cool-aloe-vera-sheet-mask-3pcs", "category": 1, "short_description": "<p>Clarify and minimize the appearance of pores in 20 minutes with the antioxidant powers of Green Tea for healthy, glowing skin. Three pieces in the package</p>", "image": "products/i-am-cool-aloe-vera-sheet-mask-3pcs/i-am-cool-aloe-vera-sheet-mask-3pcs.png", "original_price": "1050.00", "sale_price": "945.00", "active": true, "quantity": 100, "max_order_count": null, "long_description": "<h4>WHAT ELSE YOU NEED TO KNOW</h4>\r\n\r\n<p>Sheet masks are a global phenomenon and a must-have in your beauty regimen. They&rsquo;re easy to use and the results are immediate: healthy, glowing skin.</p>\r\n\r\n<h4>TIPS &amp; TRICKS</h4>\r\n\r\n<p><strong>Tip:</strong>&nbsp;For a long-lasting glow, use an I am Brilliant Vitamin C mask for consecutive days and say buh-bye to make-up.<br />\r\n<strong>Tip:</strong>&nbsp;For best results, use after cleansing &amp; toning skin.<br />\r\n<strong>Trick:</strong>&nbsp;Rub the excess serum on neck, arms, and hands for soft skin</p>", "average_rating": "0.0", "rating_count": 0, "orders_count": 0}}, {"model": "store.product", "pk": 20, "fields": {"name": "I AM BEAU-TEA-FUL – GREEN TEA SHEET MASK (3pcs)", "slug": "i-am-beau-tea-ful-green-tea-sheet-mask-3pcs", "category": 7, "short_description": "<p>Clarify and minimize the appearance of pores in 20 minutes with the antioxidant powers of Green Tea for healthy, glowing skin. Three pieces in the package</p>", "image": "products/what-else-you-need-to-know-sheet-masks-are-a-globa/what-else-you-need-to-know-s_c3Fw8XG.png", "original_price": "1050.00", "sale_price": "945.00", "active": true, "quantity": 100, "max_order_count": null, "long_description": "<h4>WHAT ELSE YOU NEED TO KNOW</h4>\r\n\r\n<p>Sheet masks are a global phenomenon and a must-have in your beauty regimen. They&rsquo;re easy to use and the results are immediate: healthy, glowing skin.</p>\r\n\r\n<h4>TIPS &amp; TRICKS</h4>\r\n\r\n<p><strong>Tip:</strong>&nbsp;For a long-lasting glow, use an I am Brilliant Vitamin C mask for consecutive days and say buh-bye to make-up.<br />\r\n<strong>Tip:</strong>&nbsp;For best results, use after cleansing &amp; toning skin.<br />\r\n<strong>Trick:</strong>&nbsp;Rub the excess serum on neck, arms, and hands for soft skin</p>", "average_rating": "0.0", "rating_count": 0, "orders_count": 0}}, {"model": "store.product", "pk": 21, "fields": {"name": "Glow and Protect Duo", "slug": "glow-and-protect-duo", "category": 9, "short_description": "<p>Clarify and minimize the appearance of pores in 20 minutes with the antioxidant powers of Green Tea for healthy, glowing skin. Three pieces in the package</p>", "image": "products/glow-and-protect-duo/glow-and-protect-duo.png", "original_price": "6499.00", "sale_price": "5849.00", "active": true, "quantity": 100, "max_order_count": null, "long_description": "<p>Experience enhanced UV protection with our glow and protect duo.</p>\r\n\r\n<p><strong>Baobab Glow-C Serum</strong></p>\r\n\r\n<p>This nourishing Baobab Glow-C serum is powered by 8% Vitamin C, 2% Arbutin and African Baobab. Intentionally packaged in an airless pump to protect the Serum from breaking down due to heat and light exposure, keeping it as stable as possible to give you the best results, what we like to call the &lsquo;Glow-C Effect.&rsquo;&nbsp;</p>\r\n\r\n<p>Vitamin C optimizes SPF by neutralizing free radicals protecting the skin from damage and in the process enhances the effectiveness of SPF.</p>\r\n\r\n<p><strong>Ingredient Benefits</strong></p>\r\n\r\n<p>The Baobab Glow-C Serum visibly brightens skin and evens the skin tone, leaving skin feeling healthy, protected and nourished.</p>\r\n\r\n<ul>\r\n\t<li>Vitamin C:&nbsp; Reduces hyperpigmentation, hydrates and brightens skin. Filled with antioxidants to fight free radicals protecting skin from environmental damage. Super &ldquo;C&rdquo; also prevents collagen breakdown to keep skin firm.</li>\r\n\t<li>Arbutin: Works hard to brighten any discoloration of the skin as well as even out your skin tone and improve the appearance of acne scars.</li>\r\n\t<li>African Baobab: Filled with antioxidants to rejuvenate and even out your skin tone. Baobab soothes skin to reduce redness and irritation.</li>\r\n</ul>\r\n\r\n<p><strong>Directions</strong></p>\r\n\r\n<ul>\r\n\t<li>Apply 2-3 drops on cleansed and dry skin. Gently pat it onto your skin in the AM or PM, or both.</li>\r\n\t<li>&nbsp;Incorporate the serum into your routine after you cleanser and/or tone and before you moisturise. Follow up with SPF 30+ if used during the day.</li>\r\n</ul>\r\n\r\n<p><strong>Aloe Invisible Sunscreen&nbsp;</strong></p>\r\n\r\n<p>This no white cast, lightweight SPF 50+ sunscreen infused with Hyaluronic Acid and African Aloe Vera is perfect for daily use. Protects skin from harmful UVA &amp; UVB rays, prevents sun damage, premature skin ageing and dark spots, while keeping skin hydrated, moisturised and cool.</p>\r\n\r\n<p><strong>Ingredient Benefits:</strong></p>\r\n\r\n<ul>\r\n\t<li>SPF 50+&ndash; Sun Protection Factor of 50+ gives high level of protection from UV rays. Helps prevent sun damage, premature ageing, sunspots, and hyperpigmentation.&nbsp;</li>\r\n\t<li>Hyaluronic Acid&ndash; Extremely hydrating ingredient. Increases water content of skin by binding to water molecules, reduces the appearance of fine lines and wrinkles. Plumps skin and increases skin elasticity.</li>\r\n\t<li>Aloe Vera &ndash; Hydrates, cools, and soothes the skin with its anti-inflammatory properties.</li>\r\n</ul>\r\n\r\n<p><strong>Directions:&nbsp;</strong></p>\r\n\r\n<ul>\r\n\t<li>Apply generously all over face and neck 15 minutes before sun exposure. Reapply every 2 hours.</li>\r\n</ul>", "average_rating": "0.0", "rating_count": 0, "orders_count": 0}}, {"model": "store.product", "pk": 22, "fields": {"name": "Hydrate and Protect Duo", "slug": "hydrate-and-protect-duo", "category": 9, "short_description": "<p><strong>Argan Hydrating Moisturiser + Aloe Invisible Sunscreen&nbsp;</strong></p>\r\n\r\n<p>Save 10% on this hydrating and protecting bundle made just for U!</p>\r\n\r\n<p>Nourish and protect your skin with this power duo powered by Hyaluronic Acid, Niacinamide, Squalane, Moringa Extract and Aloe Vera.</p>", "image": "products/hydrate-and-protect-duo/hydrate-and-protect-duo.png", "original_price": "4998.00", "sale_price": "4498.00", "active": true, "quantity": 100, "max_order_count": null, "long_description": "<p>Say goodbye to dull skin with this intense hydration boost and no white-cast, ultra protection SPF 50+.</p>\r\n\r\n<p><strong>Argan Hydrating Moisturiser</strong></p>\r\n\r\n<p>This lightweight and deeply hydrating moisturiser is infused with 3% Squalane, 2% Niacinamide, 1% African Argan Oil, Hyaluronic Acid and Moringa Extract to nourish and revive your skin. Powered by active ingredients, brightening properties and antioxidant benefits to protect the skin barrier, remove impurities and brighten dull skin. The unique formula deeply moisturises skin without clogging pores.&nbsp;</p>\r\n\r\n<p><strong>Ingredient Benefits:</strong></p>\r\n\r\n<ul>\r\n\t<li>Argan Oil &ndash; Deeply moisturises skin while improving water retention. Contains anti-ageing benefits and soothing properties to revive skin.</li>\r\n\t<li>Niacinamide &ndash; Regulates sebum production, helps reduce break outs and clogged pores and improves skin texture.&nbsp;&nbsp;</li>\r\n\t<li>Squalane- Helps strengthen and protect the skin barrier, contains anti-ageing properties, soothes, and nourishes the skin.&nbsp;</li>\r\n\t<li>Hyaluronic Acid- Extremely hydrating ingredient. Increases water content of skin by binding to water molecules, reduces the appearance of fine lines and wrinkles. Plumps skin and increases skin elasticity.&nbsp;</li>\r\n\t<li>Moringa- Filled with antioxidants which help protect the skin against pollutants. Moringa also has anti-bacterial and anti-ageing properties which reduce breakouts and the appearance of fine lines</li>\r\n</ul>\r\n\r\n<p><strong>Directions</strong></p>\r\n\r\n<ul>\r\n\t<li>Use a coin-sized amount generously twice daily, after your serum, toner or cleanser.&nbsp;</li>\r\n\t<li>Follow with Uncover&rsquo;s SPF 50+ Aloe Invisible Sunscreen in the AM for best results</li>\r\n</ul>\r\n\r\n<p><strong>Aloe Invisible Sunscreen&nbsp;</strong></p>\r\n\r\n<p>This no white cast, lightweight SPF 50+ sunscreen infused with Hyaluronic Acid and African Aloe Vera is perfect for daily use. Protects skin from harmful UVA &amp; UVB rays, prevents sun damage, premature skin ageing and dark spots, while keeping skin hydrated, moisturised and cool.</p>\r\n\r\n<p><strong>Ingredient Benefits:</strong></p>\r\n\r\n<ul>\r\n\t<li>SPF 50+&ndash; Sun Protection Factor of 50+ gives high level of protection from UV rays. Helps prevent sun damage, premature ageing, sunspots, and hyperpigmentation.&nbsp;</li>\r\n\t<li>Hyaluronic Acid&ndash; Extremely hydrating ingredient. Increases water content of skin by binding to water molecules, reduces the appearance of fine lines and wrinkles. Plumps skin and increases skin elasticity.</li>\r\n\t<li>Aloe Vera &ndash; Hydrates, cools, and soothes the skin with its anti-inflammatory properties.</li>\r\n</ul>\r\n\r\n<p><strong>Directions:&nbsp;</strong></p>\r\n\r\n<ul>\r\n\t<li>Apply generously all over face and neck 15 minutes before sun exposure. Reapply every 2 hours.</li>\r\n</ul>", "average_rating": "0.0", "rating_count": 0, "orders_count": 0}}, {"model": "store.product", "pk": 23, "fields": {"name": "Balance and Glow Duo", "slug": "balance-and-glow-duo", "category": 9, "short_description": "<p><strong>Save 10% with this Balance and Glow Duo.</strong></p>\r\n\r\n<p>Get healthier, balanced skin with our Rooibos Glow Toner and Baobab Glow- C Serum powered by super ingredients: Rooibos, Kombucha, Hyaluronic acid, African Baobab, Arbutin and Vitamin C.</p>", "image": "products/balance-and-glow-duo/balance-and-glow-duo.png", "original_price": "5650.00", "sale_price": "5085.00", "active": true, "quantity": 100, "max_order_count": null, "long_description": "<p><strong>Rooibos Glow Toner</strong><strong>&nbsp;</strong></p>\r\n\r\n<p>This daily toner is infused with 1% PHA, Hyaluronic Acid, Kombucha and African Rooibos Leaf Extract to protect the skin barrier by balancing skin pH. Formulated to visibly even skin texture and gently exfoliate to boost skin cell regeneration. Powered by anti-inflammatory and antioxidant properties, this toner removes additional impurities while hydrating and restoring the skin.</p>\r\n\r\n<p><strong>Ingredient Benefits&nbsp;</strong></p>\r\n\r\n<p>The Rooibos Glow Toner is infused with active ingredients that work together to rebalance the skin, remove excess impurities and dead skin cells, encouraging cell regeneration.&nbsp;</p>\r\n\r\n<ul>\r\n\t<li>PHA (Poly Hydroxy Acid) &ndash; Gentle, mild exfoliating acid that removes dead skin cells, improves texture of skin, and protects the skin against external pollutants.&nbsp;</li>\r\n\t<li>Hyaluronic Acid&ndash; Extremely hydrating ingredient. Increases water content of skin by binding to water molecules, reduces the appearance of fine lines and wrinkles. Plumps skin and increases skin elasticity.</li>\r\n\t<li>Kombucha&ndash; Contains natural pro-biotics which helps to balance the skin, improve the skin barrier, and increase skin hydration.&nbsp;</li>\r\n\t<li>African Rooibos Leaf&ndash; Strong antioxidant that protects the skin barrier and acts as an anti-ageing ingredient. Contains anti-inflammatory properties that soothes and calms the skin.</li>\r\n</ul>\r\n\r\n<p><strong>Directions</strong></p>\r\n\r\n<ul>\r\n\t<li>Use a few drops twice daily after cleansing.&nbsp;</li>\r\n\t<li>Apply with either your hands or a cotton pad and spread evenly over your face and neck. Follow with Baobab Glow-C serum.</li>\r\n</ul>\r\n\r\n<p><strong>Baobab Glow-C Serum</strong></p>\r\n\r\n<p>This nourishing Baobab Glow-C serum is powered by 8% Vitamin C, 2% Arbutin and African Baobab. Intentionally packaged in an airless pump to protect the Serum from breaking down due to heat and light exposure, keeping it as stable as possible to give you the best results, what we like to call the &lsquo;Glow-C Effect.&rsquo;&nbsp;</p>\r\n\r\n<p>Vitamin C optimizes SPF by neutralizing free radicals protecting the skin from damage and in the process enhances the effectiveness of SPF.</p>\r\n\r\n<p><strong>Ingredient Benefits</strong></p>\r\n\r\n<p>The Baobab Glow-C Serum visibly brightens skin and evens the skin tone, leaving skin feeling healthy, protected and nourished.</p>\r\n\r\n<ul>\r\n\t<li>Vitamin C:&nbsp; Reduces hyperpigmentation, hydrates and brightens skin. Filled with antioxidants to fight free radicals protecting skin from environmental damage. Super &ldquo;C&rdquo; also prevents collagen breakdown to keep skin firm.</li>\r\n\t<li>Arbutin: Works hard to brighten any discoloration of the skin as well as even out your skin tone and improve the appearance of acne scars.</li>\r\n\t<li>African Baobab: Filled with antioxidants to rejuvenate and even out your skin tone. Baobab soothes skin to reduce redness and irritation.</li>\r\n</ul>\r\n\r\n<p><strong>Directions</strong></p>\r\n\r\n<ul>\r\n\t<li>Apply 2-3 drops on cleansed and dry skin. Gently pat it onto your skin in the AM or PM, or both.</li>\r\n\t<li>&nbsp;Incorporate the serum into your routine after you cleanse and/or tone your skin and before you moisturise. Follow with Aloe invisible sunscreen in the AM.</li>\r\n</ul>", "average_rating": "0.0", "rating_count": 0, "orders_count": 0}}, {"model": "store.product", "pk": 24, "fields": {"name": "Revitalise and Hydrate Duo", "slug": "revitalise-and-hydrate-duo", "category": 9, "short_description": "<p><strong>Save 10% with this&nbsp;</strong>Revitalise and Hydrate Duo<strong>.</strong></p>\r\n\r\n<p><strong>Revive and nourish your skin&nbsp;</strong>with our&nbsp;<strong>Green Tea Revitalising Cleanser and&nbsp; Argan Hydrating Moisturiser duo&nbsp;</strong>powered by super ingredients:Green Tea, Salicylic acid, African Rice Extract, Argan Oil and Moringa.</p>", "image": "products/revitalise-and-hydrate-duo/revitalise-and-hydrate-duo.png", "original_price": "3849.00", "sale_price": "3464.00", "active": true, "quantity": 100, "max_order_count": null, "long_description": "<p><strong>Green Tea Revitalising Cleanser</strong></p>\r\n\r\n<p>This daily foam cleanser is infused with 0.5% Salicylic Acid, Green Tea and African Rice Extract to deeply cleanse the skin, removing impurities and excess oil without stripping the skin&rsquo;s moisture. Powered by soothing and antioxidant properties, this cleanser minimizes the appearance of pores and reduces inflammation for a clearer complexion.&nbsp;&nbsp;</p>\r\n\r\n<p><strong>Ingredient Benefits:&nbsp;</strong></p>\r\n\r\n<ul>\r\n\t<li>The Green Tea Revitalising Cleanser is infused with active ingredients that work together to deeply cleanse the skin, remove excess oil and impurities, minimise the appearance of pores all without leave the skin feeling dry and stretched.</li>\r\n\t<li>Salicylic Acid- Deeply cleanses the skin, unclogs pores removing excess dirt and sebum preventing future breakouts.</li>\r\n\t<li>African Rice Extract&ndash; Contains antioxidants which protect the skin from external pollutants, helps cleanse and refresh skin deeply leaving skin looking brighter and refreshed.&nbsp;</li>\r\n\t<li>Green Tea &ndash; Contains anti-inflammatory and antioxidant properties which help soothe skin, minimise pores and protect the skin barrier.</li>\r\n</ul>\r\n\r\n<p><strong>Directions:&nbsp;</strong></p>\r\n\r\n<ul>\r\n\t<li>Use an adequate amount twice daily on dampened skin as the first step in your routine.&nbsp;</li>\r\n\t<li>Rinse thoroughly with water. Follow with Uncover&rsquo;s Rooibos Glow Toner for best results.</li>\r\n</ul>\r\n\r\n<p><strong>&nbsp;Argan Hydrating Moisturiser</strong></p>\r\n\r\n<p>This lightweight and deeply hydrating moisturiser is infused with 3% Squalane, 2% Niacinamide, 1% African Argan Oil, Hyaluronic Acid and Moringa Extract to nourish and revive your skin. Powered by active ingredients, brightening properties and antioxidant benefits to protect the skin barrier, remove impurities and brighten dull skin. The unique formula deeply moisturises skin without clogging pores.&nbsp;</p>\r\n\r\n<p><strong>Ingredient benefits:&nbsp;</strong></p>\r\n\r\n<p>The Argan hydrating moisturiser is infused with active ingredients that work together to hydrate, moisturise, nourish, and revive the skin.</p>\r\n\r\n<ul>\r\n\t<li>Argan Oil &ndash; Deeply moisturises skin while improving water retention. Contains anti-ageing benefits and soothing properties to revive skin.</li>\r\n\t<li>Niacinamide &ndash; Regulates sebum production, helps reduce break outs and clogged pores and improves skin texture.&nbsp;&nbsp;</li>\r\n\t<li>Squalane- Helps strengthen and protect the skin barrier, contains anti-ageing properties, soothes, and nourishes the skin.&nbsp;</li>\r\n\t<li>Hyaluronic Acid- Extremely hydrating ingredient. Increases water content of skin by binding to water molecules, reduces the appearance of fine lines and wrinkles. Plumps skin and increases skin elasticity.&nbsp;</li>\r\n\t<li>Moringa- Filled with antioxidants which help protect the skin against pollutants. Moringa also has anti-bacterial and anti-ageing properties which reduce breakouts and the appearance of fine lines</li>\r\n</ul>\r\n\r\n<p><strong>Directions:&nbsp;</strong></p>\r\n\r\n<ul>\r\n\t<li>Use a coin-sized amount generously twice daily, after your serum, toner or cleanser.&nbsp;</li>\r\n\t<li>Follow with Uncover&rsquo;s SPF 50+ Aloe Invisible Sunscreen in the AM for best results.</li>\r\n</ul>", "average_rating": "0.0", "rating_count": 0, "orders_count": 0}}, {"model": "store.product", "pk": 25, "fields": {"name": "Revitalise and Balance Duo", "slug": "revitalise-and-balance-duo", "category": 9, "short_description": "<p><strong>Save 10% with this&nbsp;</strong>Revitalise and Balance Duo<strong>.</strong></p>\r\n\r\n<p><strong>Revive and balance your skin&nbsp;</strong>with our&nbsp;<strong>Green Tea Revitalising Cleanser and&nbsp; Rooibos Glow Toner duo&nbsp;</strong>powered by super ingredients: Green Tea, Salicylic acid, African Rice Extract, African Rooibos Leaf, and Kombucha.</p>", "image": "products/revitalise-and-balance-duo/revitalise-and-balance-duo.png", "original_price": "4000.00", "sale_price": "3600.00", "active": true, "quantity": 100, "max_order_count": null, "long_description": "<p><strong>Green Tea Revitalising Cleanser</strong></p>\r\n\r\n<p>This daily foam cleanser is infused with 0.5% Salicylic Acid, Green Tea and African Rice Extract to deeply cleanse the skin, removing impurities and excess oil without stripping the skin&rsquo;s moisture. Powered by soothing and antioxidant properties, this cleanser minimizes the appearance of pores and reduces inflammation for a clearer complexion.&nbsp;&nbsp;</p>\r\n\r\n<p><strong>Ingredient Benefits:&nbsp;</strong></p>\r\n\r\n<p>The Green Tea Revitalising Cleanser is infused with active ingredients that work together to deeply cleanse the skin, remove excess oil and impurities, minimise the appearance of pores all without leave the skin feeling dry and stretched.</p>\r\n\r\n<ul>\r\n\t<li>Salicylic Acid- Deeply cleanses the skin, unclogs pores removing excess dirt and sebum preventing future breakouts.</li>\r\n\t<li>African Rice Extract&ndash; Contains antioxidants which protect the skin from external pollutants, helps cleanse and refresh skin deeply leaving skin looking brighter and refreshed.&nbsp;</li>\r\n\t<li>Green Tea &ndash; Contains anti-inflammatory and antioxidant properties which help soothe skin, minimise pores and protect the skin barrier.</li>\r\n</ul>\r\n\r\n<p><strong>Directions:&nbsp;</strong></p>\r\n\r\n<ul>\r\n\t<li>Use an adequate amount twice daily on dampened skin as the first step in your routine.&nbsp;</li>\r\n\t<li>Rinse thoroughly with water. Follow with Uncover&rsquo;s Rooibos Glow Toner for best results.</li>\r\n</ul>\r\n\r\n<p><strong>Rooibos Glow Toner</strong><strong>&nbsp;</strong></p>\r\n\r\n<p>This daily toner is infused with 1% PHA, Hyaluronic Acid, Kombucha and African Rooibos Leaf Extract to protect the skin barrier by balancing skin pH. Formulated to visibly even skin texture and gently exfoliate to boost skin cell regeneration. Powered by anti-inflammatory and antioxidant properties, this toner removes additional impurities while hydrating and restoring the skin.</p>\r\n\r\n<p><strong>Ingredient Benefits&nbsp;</strong></p>\r\n\r\n<p>The Rooibos Glow Toner is infused with active ingredients that work together to rebalance the skin, remove excess impurities and dead skin cells, encouraging cell regeneration.&nbsp;</p>\r\n\r\n<ul>\r\n\t<li>PHA (Poly Hydroxy Acid) &ndash; Gentle, mild exfoliating acid that removes dead skin cells, improves texture of skin, and protects the skin against external pollutants.&nbsp;</li>\r\n\t<li>Hyaluronic Acid&ndash; Extremely hydrating ingredient. Increases water content of skin by binding to water molecules, reduces the appearance of fine lines and wrinkles. Plumps skin and increases skin elasticity.</li>\r\n\t<li>Kombucha&ndash; Contains natural pro-biotics which helps to balance the skin, improve the skin barrier, and increase skin hydration.&nbsp;</li>\r\n\t<li>African Rooibos Leaf&ndash; Strong antioxidant that protects the skin barrier and acts as an anti-ageing ingredient. Contains anti-inflammatory properties that soothes and calms the skin.</li>\r\n</ul>\r\n\r\n<p><strong>Directions</strong></p>\r\n\r\n<ul>\r\n\t<li>Use a few drops twice daily after cleansing.&nbsp;</li>\r\n\t<li>Apply with either your hands or a cotton pad and spread evenly over your face and neck. Follow with Baobab Glow-C serum.</li>\r\n</ul>", "average_rating": "0.0", "rating_count": 0, "orders_count": 0}}, {"model": "store.productimage", "pk": 1, "fields": {"product": 1, "image": "products/on-the-go-kit/on-the-go-kit-1.webp"}}, {"model": "store.productimage", "pk": 2, "fields": {"product": 1, "image": "products/on-the-go-kit/on-the-go-kit-2.webp"}}, {"model": "store.productimage", "pk": 3, "fields": {"product": 1, "image": "products/on-the-go-kit/on-the-go-kit-3.webp"}}, {"model": "store.productimage", "pk": 4, "fields": {"product": 1, "image": "products/on-the-go-kit/on-the-go-kit-4.webp"}}, {"model": "store.productimage", "pk": 5, "fields": {"product": 1, "image": "products/on-the-go-kit/on-the-go-kit-5.webp"}}, {"model": "store.productimage", "pk": 6, "fields": {"product": 2, "image": "products/complete-5-step-skincare-routine/complete-5-step-skincare-routine-6.png"}}, {"model": "store.productimage", "pk": 7, "fields": {"product": 2, "image": "products/complete-5-step-skincare-routine/complete-5-step-skincare-routine-7.png"}}, {"model": "store.productimage", "pk": 8, "fields": {"product": 3, "image": "products/aloe-invisible-sunscreen/aloe-invisible-sunscreen-None.png"}}, {"model": "store.productimage", "pk": 9, "fields": {"product": 3, "image": "products/aloe-invisible-sunscreen/aloe-invisible-sunscreen-None_2mxh1PO.png"}}, {"model": "store.productimage", "pk": 10, "fields": {"product": 4, "image": "products/baobab-glow-c-serum/baobab-glow-c-serum-None.png"}}, {"model": "store.productimage", "pk": 11, "fields": {"product": 4, "image": "products/baobab-glow-c-serum/baobab-glow-c-serum-None_8rzMI9H.png"}}, {"model": "store.productimage", "pk": 12, "fields": {"product": 4, "image": "products/baobab-glow-c-serum/baobab-glow-c-serum-None_5AU26Yh.png"}}, {"model": "store.productimage", "pk": 13, "fields": {"product": 5, "image": "products/essentials-skincare-kit/essentials-skincare-kit-None.png"}}, {"model": "store.productimage", "pk": 14, "fields": {"product": 6, "image": "products/pimple-patch-i-am-spotless/pimple-patch-i-am-spotless-None.png"}}, {"model": "store.productimage", "pk": 15, "fields": {"product": 6, "image": "products/pimple-patch-i-am-spotless/pimple-patch-i-am-spotless-None_OQErPUP.png"}}, {"model": "store.productimage", "pk": 16, "fields": {"product": 6, "image": "products/pimple-patch-i-am-spotless/pimple-patch-i-am-spotless-None_KElIo7f.png"}}, {"model": "store.productimage", "pk": 17, "fields": {"product": 7, "image": "products/argan-hydrating-moisturiser/argan-hydrating-moisturiser-None.png"}}, {"model": "store.productimage", "pk": 18, "fields": {"product": 7, "image": "products/argan-hydrating-moisturiser/argan-hydrating-moisturiser-None_aGTwYNS.png"}}, {"model": "store.productimage", "pk": 19, "fields": {"product": 9, "image": "products/neulii-exfoliating-toner-pads-for-sensitive-skin/neulii-exfoliating-toner-pads-_2PzmF6E.png"}}, {"model": "store.productimage", "pk": 20, "fields": {"product": 10, "image": "products/neulii-cica-pepta-repair-serum/neulii-cica-pepta-repair-serum-None.png"}}, {"model": "store.productimage", "pk": 21, "fields": {"product": 10, "image": "products/neulii-cica-pepta-repair-serum/neulii-cica-pepta-repair-serum-None_1S649Fp.png"}}, {"model": "store.productimage", "pk": 22, "fields": {"product": 10, "image": "products/neulii-cica-pepta-repair-serum/neulii-cica-pepta-repair-serum-None_XLvM5yD.png"}}, {"model": "store.productimage", "pk": 23, "fields": {"product": 11, "image": "products/uncover-sheet-mask-multipack-bundle/uncover-sheet-mask-multipack-bundle-None.png"}}, {"model": "store.productimage", "pk": 24, "fields": {"product": 11, "image": "products/uncover-sheet-mask-multipack-bundle/uncover-sheet-mask-multipack-bundle-None_jnEJw5f.png"}}, {"model": "store.productimage", "pk": 25, "fields": {"product": 12, "image": "products/i-am-brilliant-vitamin-c-brightening-sheet-mask/i-am-brilliant-vitamin-c-bright_rBZgpQh.jpg"}}, {"model": "store.productimage", "pk": 26, "fields": {"product": 12, "image": "products/i-am-brilliant-vitamin-c-brightening-sheet-mask/i-am-brilliant-vitamin-c-bright_6A9i3rY.jpg"}}, {"model": "store.productimage", "pk": 27, "fields": {"product": 12, "image": "products/i-am-brilliant-vitamin-c-brightening-sheet-mask/i-am-brilliant-vitamin-c-bright_z6zOt3t.jpg"}}, {"model": "store.productimage", "pk": 28, "fields": {"product": 13, "image": "products/rooibos-glow-toner/rooibos-glow-toner-None.png"}}, {"model": "store.productimage", "pk": 29, "fields": {"product": 13, "image": "products/rooibos-glow-toner/rooibos-glow-toner-None_XZWL8bK.png"}}, {"model": "store.productimage", "pk": 30, "fields": {"product": 14, "image": "products/green-tea-revitalising-cleanser/green-tea-revitalising-cleanser-None.png"}}, {"model": "store.productimage", "pk": 31, "fields": {"product": 14, "image": "products/green-tea-revitalising-cleanser/green-tea-revitalising-cleanser-None_lxNYk0u.png"}}, {"model": "store.productimage", "pk": 32, "fields": {"product": 15, "image": "products/i-am-brilliant-vitamin-c-sheet-mask-3-pieces/i-am-brilliant-vitamin-c-sheet-mas_nmTLfm6.png"}}, {"model": "store.productimage", "pk": 33, "fields": {"product": 15, "image": "products/i-am-brilliant-vitamin-c-sheet-mask-3-pieces/i-am-brilliant-vitamin-c-sheet-mas_fZ6pdUn.jpg"}}, {"model": "store.productimage", "pk": 34, "fields": {"product": 15, "image": "products/i-am-brilliant-vitamin-c-sheet-mask-3-pieces/i-am-brilliant-vitamin-c-sheet-mas_D6PkIGA.jpg"}}, {"model": "store.productimage", "pk": 35, "fields": {"product": 16, "image": "products/i-am-cool-aloe-vera-calming-soothing-sheet-mask/i-am-cool-aloe-vera-calming-soo_eNC6kRb.png"}}, {"model": "store.productimage", "pk": 36, "fields": {"product": 16, "image": "products/i-am-cool-aloe-vera-calming-soothing-sheet-mask/i-am-cool-aloe-vera-calming-soo_9AWXfsB.png"}}, {"model": "store.productimage", "pk": 37, "fields": {"product": 16, "image": "products/i-am-cool-aloe-vera-calming-soothing-sheet-mask/i-am-cool-aloe-vera-calming-soo_0h2A6Um.png"}}, {"model": "store.productimage", "pk": 38, "fields": {"product": 17, "image": "products/10-pack-sheet-mask-bundle/10-pack-sheet-mask-bundle-None.png"}}, {"model": "store.productimage", "pk": 39, "fields": {"product": 17, "image": "products/10-pack-sheet-mask-bundle/10-pack-sheet-mask-bundle-None_WMyZx2J.png"}}, {"model": "store.productimage", "pk": 40, "fields": {"product": 18, "image": "products/i-am-beau-tea-ful-green-tea-detoxifying-sheet-mask/i-am-beau-tea-ful-green-tea-_FmvEMFO.png"}}, {"model": "store.productimage", "pk": 41, "fields": {"product": 18, "image": "products/i-am-beau-tea-ful-green-tea-detoxifying-sheet-mask/i-am-beau-tea-ful-green-tea-_sgutbLM.png"}}, {"model": "store.productimage", "pk": 42, "fields": {"product": 19, "image": "products/i-am-cool-aloe-vera-sheet-mask-3pcs/i-am-cool-aloe-vera-sheet-mask-3pcs-None.png"}}, {"model": "store.productimage", "pk": 43, "fields": {"product": 19, "image": "products/i-am-cool-aloe-vera-sheet-mask-3pcs/i-am-cool-aloe-vera-sheet-mask-3pcs-None.jpg"}}, {"model": "store.productimage", "pk": 44, "fields": {"product": 19, "image": "products/i-am-cool-aloe-vera-sheet-mask-3pcs/i-am-cool-aloe-vera-sheet-mask-3pcs-None_RSh3eUh.png"}}, {"model": "store.productimage", "pk": 45, "fields": {"product": 19, "image": "products/i-am-cool-aloe-vera-sheet-mask-3pcs/i-am-cool-aloe-vera-sheet-mask-3pcs-None_y6CQU3i.png"}}, {"model": "store.productimage", "pk": 46, "fields": {"product": 20, "image": "products/what-else-you-need-to-know-sheet-masks-are-a-globa/what-else-you-need-to-know-s_VH2mopq.png"}}, {"model": "store.productimage", "pk": 47, "fields": {"product": 20, "image": "products/what-else-you-need-to-know-sheet-masks-are-a-globa/what-else-you-need-to-know-s_6cxL4xl.png"}}, {"model": "store.productimage", "pk": 48, "fields": {"product": 20, "image": "products/what-else-you-need-to-know-sheet-masks-are-a-globa/what-else-you-need-to-know-s_tZqDhgN.png"}}, {"model": "store.productimage", "pk": 49, "fields": {"product": 21, "image": "products/glow-and-protect-duo/glow-and-protect-duo-None.png"}}, {"model": "store.productimage", "pk": 50, "fields": {"product": 22, "image": "products/hydrate-and-protect-duo/hydrate-and-protect-duo-None.png"}}, {"model": "store.productimage", "pk": 51, "fields": {"product": 24, "image": "products/revitalise-and-hydrate-duo/revitalise-and-hydrate-duo-None.png"}}, {"model": "store.productimage", "pk": 52, "fields": {"product": 25, "image": "products/revitalise-and-balance-duo/revitalise-and-balance-duo-None.png"}}, {"model": "store.productimage", "pk": 53, "fields": {"product": 25, "image": "products/revitalise-and-balance-duo/revitalise-and-balance-duo-None_CjroGlS.png"}}, {"model": "store.productimage", "pk": 54, "fields": {"product": 25, "image": "products/revitalise-and-balance-duo/revitalise-and-balance-duo-None_RPfE2bj.png"}}, {"model": "store.additionalinformation", "pk": 1, "fields": {"product": 6, "label": "BENEFITS", "value": "Shrinks Pimples Faster, Sucks Out Impurities, Prevents Touching & ScarringNaturally,"}}, {"model": "store.additionalinformation", "pk": 2, "fields": {"product": 6, "label": "BEST FOR", "value": "Surfaced acne and whiteheads"}}, {"model": "store.additionalinformation", "pk": 3, "fields": {"product": 6, "label": "WHAT IS INCLUDE", "value": "18 transparent patches: (10mm x 9 + 12mm x 9)"}}, {"model": "content.homepageslider", "pk": 1, "fields": {"name": "A Better U", "image": "content/sliders/a-better-u/245047826.png", "landing_page": "/product/a-better-u-wellness-event/", "active": true}}, {"model": "content.homepageslider", "pk": 2, "fields": {"name": "SkinCare", "image": "content/sliders/skincare/1411424478.jpg", "landing_page": "/product/on-the-go-kit/", "active": true}}, {"model": "content.homepageslider", "pk": 3, "fields": {"name": "On The Go", "image": "content/sliders/on-the-go/2245071226.png", "landing_page": "/product/on-the-go-kit/", "active": true}}, {"model": "content.homepageslider", "pk": 4, "fields": {"name": "Hydrate", "image": "content/sliders/hydrate/714998781.png", "landing_page": "/product/hydrate-and-protect-duo/", "active": true}}, {"model": "content.homepageslider", "pk": 5, "fields": {"name": "Glow", "image": "content/sliders/glow/1902241777.png", "landing_page": "/product/glow-and-protect-duo/", "active": true}}, {"model": "content.page", "pk": 1, "fields": {"name": "Black Friday", "slug": "black-friday", "seo_text": "Black Friday on Uncover", "banner": "pages/black-friday/176295561.png", "page_html": "<p>Hello World</p>", "featured_products": [1, 2, 3]}}, {"model": "content.flyoutmenuitem", "pk": 1, "fields": {"label": "Serums", "landing_page": "/category/serums"}}, {"model": "content.flyoutmenuitem", "pk": 2, "fields": {"label": "Sunscreens", "landing_page": "/category/sunscreens"}}, {"model": "content.flyoutmenuitem", "pk": 3, "fields": {"label": "Mosturisers", "landing_page": "/category/mosturisers"}}, {"model": "content.flyoutmenuitem", "pk": 4, "fields": {"label": "Face Masks", "landing_page": "/category/face-masks"}}, {"model": "content.flyoutmenuitem", "pk": 5, "fields": {"label": "Skincare Kits", "landing_page": "/category/bundles-kits"}}, {"model": "content.flyoutmenuitem", "pk": 6, "fields": {"label": "Skin Toners", "landing_page": "/category/skin-toners"}}, {"model": "content.flyoutmenuitem", "pk": 7, "fields": {"label": "Cleansers", "landing_page": "/category/cleansers"}}, {"model": "content.flyoutmenuitem", "pk": 8, "fields": {"label": "On-the-Go Kits", "landing_page": "/products/on-the-go-kit"}}, {"model": "content.flyoutmenuitem", "pk": 9, "fields": {"label": "Product Duos", "landing_page": "/category/product-duos"}}, {"model": "content.flyoutmenuitem", "pk": 10, "fields": {"label": "Pimple Patcher", "landing_page": "pimple-patcher"}}, {"model": "content.homepageproductfloor", "pk": 1, "fields": {"title": "Top Selling", "landing_page": null, "has_countdown": true, "countdown_enddate": "2023-11-01T00:00:00Z", "active": true, "products": [1, 2, 3]}}]